Component,Is_Breaker
Line.line_bag_1001_1220,0
Line.line_bag_1002_1224,0
Line.line_bag_1003_1233,0
Line.line_bag_1004_1239,0
Line.line_bag_1005_1234,0
Line.line_bag_1006_1230,0
Line.line_bag_1007_1229,0
Line.line_bag_1008_1243,0
Line.line_bag_1009_1255,0
Line.line_bag_101_1217,0
Line.line_bag_1010_1265,0
Line.line_bag_1011_1273,0
Line.line_bag_1012_1281,0
Line.line_bag_1013_1284,0
Line.line_bag_1014_1286,0
Line.line_bag_1015_1280,0
Line.line_bag_1016_1017,0
Line.line_bag_1017_1018,0
Line.line_bag_1018_1275,0
Line.line_bag_1019_1271,0
Line.line_bag_1020_1270,0
Line.line_bag_1021_1268,0
Line.line_bag_1022_1023,0
Line.line_bag_1023_1024,0
Line.line_bag_1024_1025,0
Line.line_bag_1025_1026,0
Line.line_bag_1026_1027,0
Line.line_bag_1027_1028,0
Line.line_bag_1028_1029,0
Line.line_bag_1029_1030,0
Line.line_bag_1030_1031,0
Line.line_bag_1031_1032,0
Line.line_bag_1032_1078,0
Line.line_bag_1033_1034,0
Line.line_bag_1034_1035,0
Line.line_bag_1035_1036,0
Line.line_bag_1036_1037,0
Line.line_bag_1037_1038,0
Line.line_bag_1038_1039,0
Line.line_bag_1039_1040,0
Line.line_bag_1040_1041,0
Line.line_bag_1041_1042,0
Line.line_bag_1042_1043,0
Line.line_bag_1043_1263,0
Line.line_bag_1044_1259,0
Line.line_bag_1045_1257,0
Line.line_bag_1046_1247,0
Line.line_bag_1047_1241,0
Line.line_bag_1048_1242,0
Line.line_bag_1049_1246,0
Line.line_bag_1050_1251,0
Line.line_bag_1051_1253,0
Line.line_bag_1052_1260,0
Line.line_bag_1053_1264,0
Line.line_bag_1054_1269,0
Line.line_bag_1055_1274,0
Line.line_bag_1056_1282,0
Line.line_bag_1057_1288,0
Line.line_bag_1058_1290,0
Line.line_bag_1059_1291,0
Line.line_bag_1060_1294,0
Line.line_bag_1061_1296,0
Line.line_bag_1062_1298,0
Line.line_bag_1063_1300,0
Line.line_bag_1064_1302,0
Line.line_bag_1065_1304,0
Line.line_bag_1066_1305,0
Line.line_bag_1067_1307,0
Line.line_bag_1068_1309,0
Line.line_bag_1069_1070,0
Line.line_bag_1070_1071,0
Line.line_bag_1071_1072,0
Line.line_bag_1072_1073,0
Line.line_bag_1073_1074,0
Line.line_bag_1074_1075,0
Line.line_bag_1075_1076,0
Line.line_bag_1076_1077,0
Line.line_bag_1077_1114,0
Line.line_bag_1079_1080,0
Line.line_bag_1080_1081,0
Line.line_bag_1081_1082,0
Line.line_bag_1082_1083,0
Line.line_bag_1083_1084,0
Line.line_bag_1084_1085,0
Line.line_bag_1085_1086,0
Line.line_bag_1086_1087,0
Line.line_bag_1087_1088,0
Line.line_bag_1088_1089,0
Line.line_bag_1089_1090,0
Line.line_bag_1090_1091,0
Line.line_bag_1091_1092,0
Line.line_bag_1092_1093,0
Line.line_bag_1093_1216,0
Line.line_bag_1094_1095,0
Line.line_bag_1095_1096,0
Line.line_bag_1096_1097,0
Line.line_bag_1097_1098,0
Line.line_bag_1098_1099,0
Line.line_bag_1099_1100,0
Line.line_bag_1100_1101,0
Line.line_bag_1101_1102,0
Line.line_bag_1102_1103,0
Line.line_bag_1103_1104,0
Line.line_bag_1104_1105,0
Line.line_bag_1105_1106,0
Line.line_bag_1106_1107,0
Line.line_bag_1107_1108,0
Line.line_bag_1108_1109,0
Line.line_bag_1109_1110,0
Line.line_bag_1110_1111,0
Line.line_bag_1111_1112,0
Line.line_bag_1112_1116,0
Line.line_bag_1112_1118,0
Line.line_bag_1114_1113,0
Line.line_bag_1114_1115,0
Line.line_bag_1116_1117,0
Line.line_bag_1118_1119,0
Line.line_bag_1119_1120,0
Line.line_bag_1120_1121,0
Line.line_bag_1121_1122,0
Line.line_bag_1122_1123,0
Line.line_bag_1123_1124,0
Line.line_bag_1124_1131,0
Line.line_bag_1125_1126,0
Line.line_bag_1126_1127,0
Line.line_bag_1127_1128,0
Line.line_bag_1128_1129,0
Line.line_bag_1129_1130,0
Line.line_bag_1131_1132,0
Line.line_bag_1131_1310,0
Line.line_bag_1132_1133,0
Line.line_bag_1133_1134,0
Line.line_bag_1134_1135,0
Line.line_bag_1135_1136,0
Line.line_bag_1136_1137,0
Line.line_bag_1137_1140,0
Line.line_bag_1138_1139,0
Line.line_bag_1140_1138,0
Line.line_bag_1140_1141,0
Line.line_bag_1141_1142,0
Line.line_bag_1142_1143,0
Line.line_bag_1143_1144,0
Line.line_bag_1144_1145,0
Line.line_bag_1145_1146,0
Line.line_bag_1146_1147,0
Line.line_bag_1147_1148,0
Line.line_bag_1148_1149,0
Line.line_bag_1149_1150,0
Line.line_bag_1150_1151,0
Line.line_bag_1151_1152,0
Line.line_bag_1152_1153,0
Line.line_bag_1153_1154,0
Line.line_bag_1154_1155,0
Line.line_bag_1155_1215,0
Line.line_bag_1156_1157,0
Line.line_bag_1157_1158,0
Line.line_bag_1158_1159,0
Line.line_bag_1159_1160,0
Line.line_bag_1160_1161,0
Line.line_bag_1161_1162,0
Line.line_bag_1162_1163,0
Line.line_bag_1163_1164,0
Line.line_bag_1164_1165,0
Line.line_bag_1165_1166,0
Line.line_bag_1166_1167,0
Line.line_bag_1167_1168,0
Line.line_bag_1168_1169,0
Line.line_bag_1169_1311,0
Line.line_bag_1170_1171,0
Line.line_bag_1171_1172,0
Line.line_bag_1172_1173,0
Line.line_bag_1173_1174,0
Line.line_bag_1174_1175,0
Line.line_bag_1175_1176,0
Line.line_bag_1176_1177,0
Line.line_bag_1177_1178,0
Line.line_bag_1178_1179,0
Line.line_bag_1179_1180,0
Line.line_bag_1180_1181,0
Line.line_bag_1181_1182,0
Line.line_bag_1182_1183,0
Line.line_bag_1183_1184,0
Line.line_bag_1184_1185,0
Line.line_bag_1185_1186,0
Line.line_bag_1186_1187,0
Line.line_bag_1187_1188,0
Line.line_bag_1188_1189,0
Line.line_bag_1189_1190,0
Line.line_bag_1190_1191,0
Line.line_bag_1191_1192,0
Line.line_bag_1192_1193,0
Line.line_bag_1193_1194,0
Line.line_bag_1194_1195,0
Line.line_bag_1195_1196,0
Line.line_bag_1196_1197,0
Line.line_bag_1197_1198,0
Line.line_bag_1198_1199,0
Line.line_bag_1199_1200,0
Line.line_bag_1200_1201,0
Line.line_bag_1201_1202,0
Line.line_bag_1202_1203,0
Line.line_bag_1203_1204,0
Line.line_bag_1204_1205,0
Line.line_bag_1205_1206,0
Line.line_bag_1206_1207,0
Line.line_bag_1207_1313,0
Line.line_bag_1208_1209,0
Line.line_bag_1210_1208,0
Line.line_bag_1210_1314,0
Line.line_bag_1211_1315,0
Line.line_bag_1212_1213,0
Line.line_bag_1213_1214,0
Line.line_bag_1215_1156,0
Line.line_bag_1216_1094,0
Line.line_bag_1217_1218,0
Line.line_bag_1218_1219,0
Line.line_bag_1219_1001,0
Line.line_bag_1220_1221,0
Line.line_bag_1221_1222,0
Line.line_bag_1222_1223,0
Line.line_bag_1223_1002,0
Line.line_bag_1224_1225,0
Line.line_bag_1225_1226,0
Line.line_bag_1226_1227,0
Line.line_bag_1227_1228,0
Line.line_bag_1228_1003,0
Line.line_bag_1229_1232,0
Line.line_bag_1230_1007,0
Line.line_bag_1231_1006,0
Line.line_bag_1232_1008,0
Line.line_bag_1233_1235,0
Line.line_bag_1234_1231,0
Line.line_bag_1235_1236,0
Line.line_bag_1236_1004,0
Line.line_bag_1237_1005,0
Line.line_bag_1238_1237,0
Line.line_bag_1239_1238,0
Line.line_bag_1240_1048,0
Line.line_bag_1241_1240,0
Line.line_bag_1242_1245,0
Line.line_bag_1243_1250,0
Line.line_bag_1244_1047,0
Line.line_bag_1245_1049,0
Line.line_bag_1246_1248,0
Line.line_bag_1247_1244,0
Line.line_bag_1248_1050,0
Line.line_bag_1249_1046,0
Line.line_bag_1250_1009,0
Line.line_bag_1251_1051,0
Line.line_bag_1252_1249,0
Line.line_bag_1253_1256,0
Line.line_bag_1254_1252,0
Line.line_bag_1255_1261,0
Line.line_bag_1256_1052,0
Line.line_bag_1257_1254,0
Line.line_bag_1258_1045,0
Line.line_bag_1259_1258,0
Line.line_bag_1260_1053,0
Line.line_bag_1261_1010,0
Line.line_bag_1262_1044,0
Line.line_bag_1263_1262,0
Line.line_bag_1264_1266,0
Line.line_bag_1265_1011,0
Line.line_bag_1266_1054,0
Line.line_bag_1267_1021,0
Line.line_bag_1268_1279,0
Line.line_bag_1269_1055,0
Line.line_bag_1270_1267,0
Line.line_bag_1271_1020,0
Line.line_bag_1272_1019,0
Line.line_bag_1273_1277,0
Line.line_bag_1274_1276,0
Line.line_bag_1275_1272,0
Line.line_bag_1276_1278,0
Line.line_bag_1277_1012,0
Line.line_bag_1278_1056,0
Line.line_bag_1279_1022,0
Line.line_bag_1280_1016,0
Line.line_bag_1281_1283,0
Line.line_bag_1282_1287,0
Line.line_bag_1283_1013,0
Line.line_bag_1284_1285,0
Line.line_bag_1285_1014,0
Line.line_bag_1286_1015,0
Line.line_bag_1287_1057,0
Line.line_bag_1288_1289,0
Line.line_bag_1289_1058,0
Line.line_bag_1290_1059,0
Line.line_bag_1291_1292,0
Line.line_bag_1292_1293,0
Line.line_bag_1293_1060,0
Line.line_bag_1294_1295,0
Line.line_bag_1295_1061,0
Line.line_bag_1296_1297,0
Line.line_bag_1297_1062,0
Line.line_bag_1298_1299,0
Line.line_bag_1299_1063,0
Line.line_bag_1300_1301,0
Line.line_bag_1301_1064,0
Line.line_bag_1302_1303,0
Line.line_bag_1303_1065,0
Line.line_bag_1304_1066,0
Line.line_bag_1305_1306,0
Line.line_bag_1306_1067,0
Line.line_bag_1307_1308,0
Line.line_bag_1308_1068,0
Line.line_bag_1309_1069,0
Line.line_bag_1310_1125,0
Line.line_bag_1311_1312,0
Line.line_bag_1312_1170,0
Line.line_bag_1313_1210,0
Line.line_bag_1314_1211,0
Line.line_bag_1315_1212,0
Line.line_ban_102_2196,0
Line.line_ban_2001_2197,0
Line.line_ban_2002_2198,0
Line.line_ban_2003_2202,0
Line.line_ban_2004_2206,0
Line.line_ban_2005_2212,0
Line.line_ban_2006_2216,0
Line.line_ban_2007_2218,0
Line.line_ban_2008_2220,0
Line.line_ban_2009_2224,0
Line.line_ban_2010_2011,0
Line.line_ban_2011_2226,0
Line.line_ban_2012_2227,0
Line.line_ban_2013_2228,0
Line.line_ban_2014_2229,0
Line.line_ban_2015_2231,0
Line.line_ban_2016_2232,0
Line.line_ban_2017_2233,0
Line.line_ban_2018_2236,0
Line.line_ban_2019_2238,0
Line.line_ban_2020_2021,0
Line.line_ban_2021_2022,0
Line.line_ban_2022_2023,0
Line.line_ban_2023_2024,0
Line.line_ban_2024_2025,0
Line.line_ban_2025_2026,0
Line.line_ban_2026_2027,0
Line.line_ban_2027_2028,0
Line.line_ban_2028_2029,0
Line.line_ban_2029_2030,0
Line.line_ban_2030_2031,0
Line.line_ban_2031_2032,0
Line.line_ban_2032_2052,0
Line.line_ban_2033_2034,0
Line.line_ban_2034_2035,0
Line.line_ban_2035_2036,0
Line.line_ban_2036_2037,0
Line.line_ban_2037_2038,0
Line.line_ban_2038_2039,0
Line.line_ban_2039_2040,0
Line.line_ban_2040_2041,0
Line.line_ban_2041_2042,0
Line.line_ban_2042_2043,0
Line.line_ban_2043_2044,0
Line.line_ban_2044_2045,0
Line.line_ban_2045_2046,0
Line.line_ban_2046_2060,0
Line.line_ban_2047_2048,0
Line.line_ban_2048_2049,0
Line.line_ban_2049_2050,0
Line.line_ban_2050_2051,0
Line.line_ban_2052_2033,0
Line.line_ban_2052_2053,0
Line.line_ban_2053_2054,0
Line.line_ban_2054_2195,0
Line.line_ban_2055_2056,0
Line.line_ban_2056_2057,0
Line.line_ban_2057_2058,0
Line.line_ban_2058_2059,0
Line.line_ban_2060_2047,0
Line.line_ban_2060_2061,0
Line.line_ban_2061_2062,0
Line.line_ban_2062_2063,0
Line.line_ban_2063_2064,0
Line.line_ban_2064_2065,0
Line.line_ban_2065_2066,0
Line.line_ban_2066_2067,0
Line.line_ban_2067_2068,0
Line.line_ban_2068_2069,0
Line.line_ban_2069_2070,0
Line.line_ban_2070_2071,0
Line.line_ban_2071_2072,0
Line.line_ban_2072_2073,0
Line.line_ban_2073_2074,0
Line.line_ban_2074_2075,0
Line.line_ban_2075_2076,0
Line.line_ban_2076_2077,0
Line.line_ban_2077_2078,0
Line.line_ban_2078_2079,0
Line.line_ban_2079_2080,0
Line.line_ban_2080_2081,0
Line.line_ban_2081_2148,0
Line.line_ban_2082_2083,0
Line.line_ban_2083_2084,0
Line.line_ban_2084_2085,0
Line.line_ban_2085_2086,0
Line.line_ban_2086_2087,0
Line.line_ban_2087_2088,0
Line.line_ban_2088_2089,0
Line.line_ban_2089_2090,0
Line.line_ban_2090_2091,0
Line.line_ban_2091_2092,0
Line.line_ban_2092_2093,0
Line.line_ban_2093_2094,0
Line.line_ban_2094_2095,0
Line.line_ban_2095_2096,0
Line.line_ban_2096_2097,0
Line.line_ban_2097_2098,0
Line.line_ban_2098_2242,0
Line.line_ban_2099_2100,0
Line.line_ban_2100_2101,0
Line.line_ban_2101_2102,0
Line.line_ban_2102_2103,0
Line.line_ban_2103_2104,0
Line.line_ban_2104_2105,0
Line.line_ban_2105_2106,0
Line.line_ban_2106_2107,0
Line.line_ban_2107_2108,0
Line.line_ban_2108_2109,0
Line.line_ban_2109_2110,0
Line.line_ban_2110_2111,0
Line.line_ban_2111_2112,0
Line.line_ban_2112_2113,0
Line.line_ban_2113_2114,0
Line.line_ban_2114_2115,0
Line.line_ban_2115_2116,0
Line.line_ban_2116_2117,0
Line.line_ban_2117_2118,0
Line.line_ban_2118_2119,0
Line.line_ban_2119_2120,0
Line.line_ban_2120_2121,0
Line.line_ban_2121_2243,0
Line.line_ban_2122_2123,0
Line.line_ban_2123_2124,0
Line.line_ban_2124_2125,0
Line.line_ban_2125_2126,0
Line.line_ban_2126_2127,0
Line.line_ban_2127_2128,0
Line.line_ban_2128_2129,0
Line.line_ban_2129_2130,0
Line.line_ban_2130_2131,0
Line.line_ban_2131_2132,0
Line.line_ban_2132_2133,0
Line.line_ban_2133_2134,0
Line.line_ban_2134_2135,0
Line.line_ban_2135_2136,0
Line.line_ban_2136_2137,0
Line.line_ban_2137_2138,0
Line.line_ban_2138_2139,0
Line.line_ban_2139_2140,0
Line.line_ban_2140_2141,0
Line.line_ban_2141_2142,0
Line.line_ban_2142_2143,0
Line.line_ban_2143_2144,0
Line.line_ban_2144_2145,0
Line.line_ban_2145_2146,0
Line.line_ban_2146_2147,0
Line.line_ban_2149_2150,0
Line.line_ban_2150_2151,0
Line.line_ban_2151_2152,0
Line.line_ban_2152_2153,0
Line.line_ban_2153_2154,0
Line.line_ban_2154_2155,0
Line.line_ban_2155_2156,0
Line.line_ban_2156_2157,0
Line.line_ban_2157_2158,0
Line.line_ban_2158_2159,0
Line.line_ban_2159_2166,0
Line.line_ban_2160_2161,0
Line.line_ban_2161_2162,0
Line.line_ban_2162_2163,0
Line.line_ban_2163_2164,0
Line.line_ban_2164_2165,0
Line.line_ban_2166_2160,0
Line.line_ban_2166_2167,0
Line.line_ban_2167_2168,0
Line.line_ban_2168_2169,0
Line.line_ban_2169_2170,0
Line.line_ban_2170_2171,0
Line.line_ban_2171_2172,0
Line.line_ban_2172_2173,0
Line.line_ban_2173_2174,0
Line.line_ban_2174_2175,0
Line.line_ban_2175_2176,0
Line.line_ban_2176_2177,0
Line.line_ban_2177_2178,0
Line.line_ban_2178_2179,0
Line.line_ban_2179_2180,0
Line.line_ban_2180_2181,0
Line.line_ban_2181_2182,0
Line.line_ban_2182_2183,0
Line.line_ban_2183_2184,0
Line.line_ban_2185_2186,0
Line.line_ban_2186_2187,0
Line.line_ban_2187_2188,0
Line.line_ban_2188_2189,0
Line.line_ban_2189_2190,0
Line.line_ban_2190_2191,0
Line.line_ban_2191_2192,0
Line.line_ban_2192_2193,0
Line.line_ban_2193_2194,0
Line.line_ban_2194_2195,0
Line.line_ban_2195_2055,0
Line.line_ban_2196_2001,0
Line.line_ban_2197_2002,0
Line.line_ban_2198_2199,0
Line.line_ban_2199_2200,0
Line.line_ban_2200_2201,0
Line.line_ban_2201_2003,0
Line.line_ban_2202_2203,0
Line.line_ban_2203_2204,0
Line.line_ban_2204_2205,0
Line.line_ban_2205_2004,0
Line.line_ban_2206_2207,0
Line.line_ban_2207_2208,0
Line.line_ban_2208_2209,0
Line.line_ban_2209_2210,0
Line.line_ban_2210_2211,0
Line.line_ban_2211_2005,0
Line.line_ban_2212_2213,0
Line.line_ban_2213_2214,0
Line.line_ban_2214_2215,0
Line.line_ban_2215_2006,0
Line.line_ban_2216_2217,0
Line.line_ban_2217_2007,0
Line.line_ban_2218_2219,0
Line.line_ban_2219_2008,0
Line.line_ban_2220_2221,0
Line.line_ban_2221_2222,0
Line.line_ban_2222_2223,0
Line.line_ban_2223_2009,0
Line.line_ban_2224_2225,0
Line.line_ban_2225_2010,0
Line.line_ban_2226_2012,0
Line.line_ban_2227_2013,0
Line.line_ban_2228_2014,0
Line.line_ban_2229_2230,0
Line.line_ban_2230_2015,0
Line.line_ban_2231_2016,0
Line.line_ban_2232_2017,0
Line.line_ban_2233_2234,0
Line.line_ban_2234_2235,0
Line.line_ban_2235_2018,0
Line.line_ban_2236_2237,0
Line.line_ban_2237_2019,0
Line.line_ban_2238_2239,0
Line.line_ban_2239_2240,0
Line.line_ban_2240_2241,0
Line.line_ban_2241_2020,0
Line.line_ban_2242_2099,0
Line.line_ban_2243_2122,0
Line.line_dho_103_3200,0
Line.line_dho_3002_3003,0
Line.line_dho_3003_3004,0
Line.line_dho_3004_3005,0
Line.line_dho_3005_3006,0
Line.line_dho_3006_3007,0
Line.line_dho_3007_3008,0
Line.line_dho_3008_3009,0
Line.line_dho_3009_3203,0
Line.line_dho_3010_3208,0
Line.line_dho_3011_3213,0
Line.line_dho_3012_3216,0
Line.line_dho_3013_3220,0
Line.line_dho_3014_3015,0
Line.line_dho_3015_3228,0
Line.line_dho_3016_3231,0
Line.line_dho_3017_3235,0
Line.line_dho_3018_3236,0
Line.line_dho_3019_3020,0
Line.line_dho_3020_3021,0
Line.line_dho_3021_3022,0
Line.line_dho_3022_3023,0
Line.line_dho_3023_3024,0
Line.line_dho_3024_3025,0
Line.line_dho_3025_3026,0
Line.line_dho_3026_3027,0
Line.line_dho_3027_3028,0
Line.line_dho_3028_3029,0
Line.line_dho_3029_3030,0
Line.line_dho_3030_3031,0
Line.line_dho_3031_3032,0
Line.line_dho_3033_3034,0
Line.line_dho_3034_3035,0
Line.line_dho_3035_3036,0
Line.line_dho_3036_3037,0
Line.line_dho_3037_3038,0
Line.line_dho_3038_3039,0
Line.line_dho_3039_3040,0
Line.line_dho_3040_3088,0
Line.line_dho_3041_3042,0
Line.line_dho_3042_3043,0
Line.line_dho_3043_3044,0
Line.line_dho_3044_3045,0
Line.line_dho_3045_3238,0
Line.line_dho_3046_3047,0
Line.line_dho_3047_3048,0
Line.line_dho_3048_3049,0
Line.line_dho_3049_3050,0
Line.line_dho_3050_3051,0
Line.line_dho_3051_3001,0
Line.line_dho_3051_3237,0
Line.line_dho_3052_3053,0
Line.line_dho_3053_3054,0
Line.line_dho_3054_3055,0
Line.line_dho_3055_3056,0
Line.line_dho_3056_3057,0
Line.line_dho_3057_3058,0
Line.line_dho_3058_3059,0
Line.line_dho_3059_3060,0
Line.line_dho_3060_3061,0
Line.line_dho_3061_3062,0
Line.line_dho_3062_3063,0
Line.line_dho_3063_3064,0
Line.line_dho_3064_3065,0
Line.line_dho_3065_3066,0
Line.line_dho_3066_3067,0
Line.line_dho_3067_3068,0
Line.line_dho_3068_3069,0
Line.line_dho_3069_3070,0
Line.line_dho_3070_3071,0
Line.line_dho_3071_3239,0
Line.line_dho_3072_3073,0
Line.line_dho_3073_3074,0
Line.line_dho_3074_3075,0
Line.line_dho_3075_3076,0
Line.line_dho_3076_3077,0
Line.line_dho_3077_3078,0
Line.line_dho_3078_3079,0
Line.line_dho_3079_3080,0
Line.line_dho_3080_3081,0
Line.line_dho_3081_3082,0
Line.line_dho_3082_3083,0
Line.line_dho_3083_3084,0
Line.line_dho_3084_3085,0
Line.line_dho_3085_3086,0
Line.line_dho_3086_3087,0
Line.line_dho_3087_3134,0
Line.line_dho_3088_3089,0
Line.line_dho_3089_3090,0
Line.line_dho_3090_3091,0
Line.line_dho_3091_3092,0
Line.line_dho_3092_3093,0
Line.line_dho_3093_3094,0
Line.line_dho_3094_3095,0
Line.line_dho_3096_3097,0
Line.line_dho_3097_3098,0
Line.line_dho_3098_3099,0
Line.line_dho_3099_3100,0
Line.line_dho_3100_3108,0
Line.line_dho_3101_3102,0
Line.line_dho_3102_3103,0
Line.line_dho_3103_3104,0
Line.line_dho_3104_3105,0
Line.line_dho_3105_3106,0
Line.line_dho_3106_3107,0
Line.line_dho_3108_3101,0
Line.line_dho_3108_3109,0
Line.line_dho_3109_3110,0
Line.line_dho_3110_3111,0
Line.line_dho_3111_3112,0
Line.line_dho_3112_3113,0
Line.line_dho_3113_3114,0
Line.line_dho_3114_3115,0
Line.line_dho_3115_3116,0
Line.line_dho_3116_3117,0
Line.line_dho_3117_3118,0
Line.line_dho_3119_3120,0
Line.line_dho_3121_3120,0
Line.line_dho_3122_3121,0
Line.line_dho_3123_3122,0
Line.line_dho_3124_3123,0
Line.line_dho_3125_3124,0
Line.line_dho_3126_3125,0
Line.line_dho_3127_3126,0
Line.line_dho_3128_3127,0
Line.line_dho_3129_3128,0
Line.line_dho_3130_3129,0
Line.line_dho_3131_3130,0
Line.line_dho_3132_3131,0
Line.line_dho_3133_3132,0
Line.line_dho_3134_3135,0
Line.line_dho_3135_3136,0
Line.line_dho_3136_3137,0
Line.line_dho_3138_3139,0
Line.line_dho_3139_3140,0
Line.line_dho_3140_3141,0
Line.line_dho_3141_3142,0
Line.line_dho_3142_3143,0
Line.line_dho_3143_3144,0
Line.line_dho_3144_3145,0
Line.line_dho_3145_3146,0
Line.line_dho_3146_3147,0
Line.line_dho_3147_3148,0
Line.line_dho_3148_3149,0
Line.line_dho_3149_3150,0
Line.line_dho_3150_3151,0
Line.line_dho_3151_3152,0
Line.line_dho_3152_3153,0
Line.line_dho_3153_3154,0
Line.line_dho_3154_3155,0
Line.line_dho_3155_3156,0
Line.line_dho_3156_3157,0
Line.line_dho_3157_3158,0
Line.line_dho_3158_3159,0
Line.line_dho_3159_3160,0
Line.line_dho_3160_3161,0
Line.line_dho_3161_3162,0
Line.line_dho_3162_3163,0
Line.line_dho_3163_3164,0
Line.line_dho_3164_3165,0
Line.line_dho_3165_3166,0
Line.line_dho_3166_3167,0
Line.line_dho_3167_3168,0
Line.line_dho_3168_3169,0
Line.line_dho_3169_3170,0
Line.line_dho_3170_3171,0
Line.line_dho_3171_3172,0
Line.line_dho_3172_3242,0
Line.line_dho_3173_3174,0
Line.line_dho_3174_3175,0
Line.line_dho_3175_3192,0
Line.line_dho_3176_3177,0
Line.line_dho_3178_3173,0
Line.line_dho_3178_3179,0
Line.line_dho_3179_3180,0
Line.line_dho_3180_3183,0
Line.line_dho_3181_3182,0
Line.line_dho_3183_3181,0
Line.line_dho_3183_3184,0
Line.line_dho_3184_3185,0
Line.line_dho_3185_3186,0
Line.line_dho_3186_3187,0
Line.line_dho_3187_3188,0
Line.line_dho_3188_3189,0
Line.line_dho_3189_3190,0
Line.line_dho_3190_3191,0
Line.line_dho_3192_3193,0
Line.line_dho_3192_3241,0
Line.line_dho_3193_3194,0
Line.line_dho_3194_3195,0
Line.line_dho_3195_3196,0
Line.line_dho_3196_3197,0
Line.line_dho_3197_3198,0
Line.line_dho_3198_3199,0
Line.line_dho_3200_3201,0
Line.line_dho_3201_3202,0
Line.line_dho_3202_3002,0
Line.line_dho_3203_3204,0
Line.line_dho_3204_3205,0
Line.line_dho_3205_3206,0
Line.line_dho_3206_3207,0
Line.line_dho_3207_3010,0
Line.line_dho_3208_3209,0
Line.line_dho_3209_3210,0
Line.line_dho_3210_3211,0
Line.line_dho_3211_3212,0
Line.line_dho_3212_3011,0
Line.line_dho_3213_3214,0
Line.line_dho_3214_3215,0
Line.line_dho_3215_3012,0
Line.line_dho_3216_3217,0
Line.line_dho_3217_3218,0
Line.line_dho_3218_3219,0
Line.line_dho_3219_3013,0
Line.line_dho_3220_3221,0
Line.line_dho_3221_3222,0
Line.line_dho_3222_3223,0
Line.line_dho_3223_3224,0
Line.line_dho_3224_3225,0
Line.line_dho_3225_3226,0
Line.line_dho_3226_3227,0
Line.line_dho_3227_3014,0
Line.line_dho_3228_3229,0
Line.line_dho_3229_3230,0
Line.line_dho_3230_3016,0
Line.line_dho_3231_3232,0
Line.line_dho_3232_3233,0
Line.line_dho_3233_3234,0
Line.line_dho_3234_3017,0
Line.line_dho_3235_3018,0
Line.line_dho_3236_3019,0
Line.line_dho_3237_3052,0
Line.line_dho_3238_3046,0
Line.line_dho_3239_3072,0
Line.line_dho_3240_3133,0
Line.line_dho_3241_3176,0
Line.line_dho_3242_3178,0
Line.line_got_104_4148,0
Line.line_got_4002_4149,0
Line.line_got_4003_4152,0
Line.line_got_4004_4165,0
Line.line_got_4005_4162,0
Line.line_got_4006_4169,0
Line.line_got_4007_4183,0
Line.line_got_4008_4187,0
Line.line_got_4009_4186,0
Line.line_got_4010_4184,0
Line.line_got_4011_4179,0
Line.line_got_4012_4177,0
Line.line_got_4013_4175,0
Line.line_got_4014_4015,0
Line.line_got_4015_4016,0
Line.line_got_4016_4017,0
Line.line_got_4017_4018,0
Line.line_got_4018_4019,0
Line.line_got_4019_4020,0
Line.line_got_4020_4168,0
Line.line_got_4021_4022,0
Line.line_got_4022_4023,0
Line.line_got_4023_4024,0
Line.line_got_4024_4025,0
Line.line_got_4025_4026,0
Line.line_got_4026_4027,0
Line.line_got_4027_4028,0
Line.line_got_4028_4029,0
Line.line_got_4029_4030,0
Line.line_got_4030_4031,0
Line.line_got_4031_4032,0
Line.line_got_4032_4033,0
Line.line_got_4033_4034,0
Line.line_got_4034_4035,0
Line.line_got_4035_4036,0
Line.line_got_4036_4037,0
Line.line_got_4037_4038,0
Line.line_got_4038_4039,0
Line.line_got_4039_4040,0
Line.line_got_4040_4041,0
Line.line_got_4041_4042,0
Line.line_got_4042_4043,0
Line.line_got_4043_4044,0
Line.line_got_4044_4045,0
Line.line_got_4045_4046,0
Line.line_got_4046_4047,0
Line.line_got_4047_4048,0
Line.line_got_4048_4049,0
Line.line_got_4049_4050,0
Line.line_got_4050_4051,0
Line.line_got_4051_4052,0
Line.line_got_4052_4053,0
Line.line_got_4053_4054,0
Line.line_got_4054_4055,0
Line.line_got_4055_4056,0
Line.line_got_4056_4057,0
Line.line_got_4057_4058,0
Line.line_got_4058_4059,0
Line.line_got_4059_4060,0
Line.line_got_4060_4061,0
Line.line_got_4061_4062,0
Line.line_got_4062_4063,0
Line.line_got_4063_4064,0
Line.line_got_4064_4065,0
Line.line_got_4065_4066,0
Line.line_got_4066_4067,0
Line.line_got_4067_4068,0
Line.line_got_4068_4069,0
Line.line_got_4069_4001,0
Line.line_got_4070_4071,0
Line.line_got_4071_4072,0
Line.line_got_4072_4073,0
Line.line_got_4073_4074,0
Line.line_got_4074_4075,0
Line.line_got_4075_4076,0
Line.line_got_4076_4077,0
Line.line_got_4077_4078,0
Line.line_got_4078_4079,0
Line.line_got_4079_4080,0
Line.line_got_4080_4081,0
Line.line_got_4082_4083,0
Line.line_got_4082_4116,0
Line.line_got_4083_4084,0
Line.line_got_4084_4085,0
Line.line_got_4085_4086,0
Line.line_got_4086_4087,0
Line.line_got_4087_4088,0
Line.line_got_4088_4089,0
Line.line_got_4089_4090,0
Line.line_got_4090_4091,0
Line.line_got_4091_4092,0
Line.line_got_4092_4093,0
Line.line_got_4093_4094,0
Line.line_got_4094_4095,0
Line.line_got_4095_4096,0
Line.line_got_4096_4097,0
Line.line_got_4097_4098,0
Line.line_got_4098_4099,0
Line.line_got_4099_4100,0
Line.line_got_4100_4101,0
Line.line_got_4101_4189,0
Line.line_got_4102_4103,0
Line.line_got_4103_4190,0
Line.line_got_4104_4105,0
Line.line_got_4105_4106,0
Line.line_got_4106_4107,0
Line.line_got_4107_4108,0
Line.line_got_4108_4109,0
Line.line_got_4110_4104,0
Line.line_got_4110_4111,0
Line.line_got_4111_4112,0
Line.line_got_4112_4113,0
Line.line_got_4113_4114,0
Line.line_got_4114_4115,0
Line.line_got_4116_4117,0
Line.line_got_4117_4118,0
Line.line_got_4118_4119,0
Line.line_got_4119_4120,0
Line.line_got_4120_4121,0
Line.line_got_4121_4122,0
Line.line_got_4122_4123,0
Line.line_got_4123_4124,0
Line.line_got_4124_4144,0
Line.line_got_4125_4126,0
Line.line_got_4126_4127,0
Line.line_got_4127_4128,0
Line.line_got_4128_4129,0
Line.line_got_4129_4130,0
Line.line_got_4130_4131,0
Line.line_got_4131_4132,0
Line.line_got_4132_4133,0
Line.line_got_4133_4134,0
Line.line_got_4134_4135,0
Line.line_got_4135_4136,0
Line.line_got_4136_4137,0
Line.line_got_4137_4138,0
Line.line_got_4138_4139,0
Line.line_got_4139_4140,0
Line.line_got_4140_4141,0
Line.line_got_4141_4142,0
Line.line_got_4142_4143,0
Line.line_got_4144_4125,0
Line.line_got_4144_4145,0
Line.line_got_4145_4146,0
Line.line_got_4146_4147,0
Line.line_got_4148_4002,0
Line.line_got_4149_4150,0
Line.line_got_4150_4151,0
Line.line_got_4151_4003,0
Line.line_got_4152_4153,0
Line.line_got_4153_4154,0
Line.line_got_4154_4155,0
Line.line_got_4155_4156,0
Line.line_got_4156_4157,0
Line.line_got_4157_4158,0
Line.line_got_4158_4159,0
Line.line_got_4159_4004,0
Line.line_got_4160_4005,0
Line.line_got_4161_4160,0
Line.line_got_4162_4166,0
Line.line_got_4163_4161,0
Line.line_got_4164_4163,0
Line.line_got_4165_4164,0
Line.line_got_4166_4167,0
Line.line_got_4167_4006,0
Line.line_got_4168_4021,0
Line.line_got_4169_4170,0
Line.line_got_4170_4171,0
Line.line_got_4171_4172,0
Line.line_got_4172_4173,0
Line.line_got_4173_4176,0
Line.line_got_4174_4014,0
Line.line_got_4175_4174,0
Line.line_got_4176_4181,0
Line.line_got_4177_4013,0
Line.line_got_4178_4012,0
Line.line_got_4179_4178,0
Line.line_got_4180_4011,0
Line.line_got_4181_4007,0
Line.line_got_4182_4180,0
Line.line_got_4183_4185,0
Line.line_got_4184_4182,0
Line.line_got_4185_4008,0
Line.line_got_4186_4010,0
Line.line_got_4187_4188,0
Line.line_got_4188_4009,0
Line.line_got_4189_4102,0
Line.line_got_4190_4110,0
Line.line_ich_105_5033,0
Line.line_ich_5001_5034,0
Line.line_ich_5002_5037,0
Line.line_ich_5003_5040,0
Line.line_ich_5004_5043,0
Line.line_ich_5005_5006,0
Line.line_ich_5006_5051,0
Line.line_ich_5007_5052,0
Line.line_ich_5008_5054,0
Line.line_ich_5009_5010,0
Line.line_ich_5010_5057,0
Line.line_ich_5011_5059,0
Line.line_ich_5012_5061,0
Line.line_ich_5013_5063,0
Line.line_ich_5014_5066,0
Line.line_ich_5015_5068,0
Line.line_ich_5016_5069,0
Line.line_ich_5017_5075,0
Line.line_ich_5018_5078,0
Line.line_ich_5019_5020,0
Line.line_ich_5020_5021,0
Line.line_ich_5021_5022,0
Line.line_ich_5022_5023,0
Line.line_ich_5023_5024,0
Line.line_ich_5024_5025,0
Line.line_ich_5025_5026,0
Line.line_ich_5026_5081,0
Line.line_ich_5027_5082,0
Line.line_ich_5029_5018,0
Line.line_ich_5029_5077,0
Line.line_ich_5030_5031,0
Line.line_ich_5031_5032,0
Line.line_ich_5033_5001,0
Line.line_ich_5034_5035,0
Line.line_ich_5035_5036,0
Line.line_ich_5036_5002,0
Line.line_ich_5037_5038,0
Line.line_ich_5038_5039,0
Line.line_ich_5039_5003,0
Line.line_ich_5040_5041,0
Line.line_ich_5041_5042,0
Line.line_ich_5042_5004,0
Line.line_ich_5043_5044,0
Line.line_ich_5044_5045,0
Line.line_ich_5045_5046,0
Line.line_ich_5046_5047,0
Line.line_ich_5047_5048,0
Line.line_ich_5048_5049,0
Line.line_ich_5049_5050,0
Line.line_ich_5050_5005,0
Line.line_ich_5051_5007,0
Line.line_ich_5052_5053,0
Line.line_ich_5053_5008,0
Line.line_ich_5054_5055,0
Line.line_ich_5055_5056,0
Line.line_ich_5056_5009,0
Line.line_ich_5057_5058,0
Line.line_ich_5058_5011,0
Line.line_ich_5059_5060,0
Line.line_ich_5060_5012,0
Line.line_ich_5061_5062,0
Line.line_ich_5062_5013,0
Line.line_ich_5063_5064,0
Line.line_ich_5064_5065,0
Line.line_ich_5065_5014,0
Line.line_ich_5066_5067,0
Line.line_ich_5067_5015,0
Line.line_ich_5068_5016,0
Line.line_ich_5069_5070,0
Line.line_ich_5070_5071,0
Line.line_ich_5071_5017,0
Line.line_ich_5072_5030,0
Line.line_ich_5073_5072,0
Line.line_ich_5074_5073,0
Line.line_ich_5075_5076,0
Line.line_ich_5076_5029,0
Line.line_ich_5077_5074,0
Line.line_ich_5078_5079,0
Line.line_ich_5079_5080,0
Line.line_ich_5080_5019,0
Line.line_ich_5081_5027,0
Line.line_ich_5082_5083,0
Line.line_ich_5083_5028,0
Line.line_im1_106_6164,0
Line.line_im1_6002_6003,0
Line.line_im1_6002_6109,0
Line.line_im1_6004_6005,0
Line.line_im1_6004_6110,0
Line.line_im1_6006_6007,0
Line.line_im1_6006_6082,0
Line.line_im1_6009_6010,0
Line.line_im1_6010_6011,0
Line.line_im1_6011_6012,0
Line.line_im1_6012_6013,0
Line.line_im1_6013_6014,0
Line.line_im1_6014_6015,0
Line.line_im1_6015_6016,0
Line.line_im1_6016_6017,0
Line.line_im1_6017_6018,0
Line.line_im1_6018_6019,0
Line.line_im1_6019_6020,0
Line.line_im1_6020_6021,0
Line.line_im1_6021_6070,0
Line.line_im1_6022_6023,0
Line.line_im1_6023_6024,0
Line.line_im1_6024_6025,0
Line.line_im1_6025_6026,0
Line.line_im1_6026_6027,0
Line.line_im1_6027_6028,0
Line.line_im1_6028_6029,0
Line.line_im1_6029_6030,0
Line.line_im1_6030_6031,0
Line.line_im1_6031_6032,0
Line.line_im1_6032_6033,0
Line.line_im1_6033_6034,0
Line.line_im1_6034_6035,0
Line.line_im1_6035_6036,0
Line.line_im1_6036_6037,0
Line.line_im1_6037_6038,0
Line.line_im1_6038_6039,0
Line.line_im1_6039_6040,0
Line.line_im1_6040_6041,0
Line.line_im1_6041_6042,0
Line.line_im1_6042_6043,0
Line.line_im1_6043_6142,0
Line.line_im1_6044_6141,0
Line.line_im1_6045_6046,0
Line.line_im1_6046_6047,0
Line.line_im1_6047_6048,0
Line.line_im1_6048_6049,0
Line.line_im1_6049_6050,0
Line.line_im1_6050_6051,0
Line.line_im1_6051_6052,0
Line.line_im1_6052_6053,0
Line.line_im1_6053_6054,0
Line.line_im1_6054_6055,0
Line.line_im1_6055_6056,0
Line.line_im1_6056_6057,0
Line.line_im1_6057_6058,0
Line.line_im1_6058_6059,0
Line.line_im1_6059_6060,0
Line.line_im1_6060_6139,0
Line.line_im1_6061_6138,0
Line.line_im1_6062_6137,0
Line.line_im1_6063_6064,0
Line.line_im1_6064_6065,0
Line.line_im1_6065_6066,0
Line.line_im1_6066_6084,0
Line.line_im1_6067_6068,0
Line.line_im1_6068_6069,0
Line.line_im1_6069_6004,0
Line.line_im1_6070_6022,0
Line.line_im1_6070_6071,0
Line.line_im1_6071_6072,0
Line.line_im1_6072_6073,0
Line.line_im1_6074_6124,0
Line.line_im1_6075_6076,0
Line.line_im1_6076_6077,0
Line.line_im1_6077_6078,0
Line.line_im1_6078_6079,0
Line.line_im1_6079_6080,0
Line.line_im1_6080_6081,0
Line.line_im1_6081_6006,0
Line.line_im1_6082_6130,0
Line.line_im1_6085_6121,0
Line.line_im1_6086_6087,0
Line.line_im1_6087_6008,0
Line.line_im1_6087_6088,0
Line.line_im1_6088_6089,0
Line.line_im1_6089_6090,0
Line.line_im1_6090_6001,0
Line.line_im1_6090_6091,0
Line.line_im1_6091_6092,0
Line.line_im1_6092_6093,0
Line.line_im1_6093_6094,0
Line.line_im1_6094_6095,0
Line.line_im1_6095_6096,0
Line.line_im1_6096_6097,0
Line.line_im1_6097_6098,0
Line.line_im1_6098_6099,0
Line.line_im1_6099_6100,0
Line.line_im1_6100_6101,0
Line.line_im1_6101_6102,0
Line.line_im1_6102_6103,0
Line.line_im1_6103_6104,0
Line.line_im1_6104_6105,0
Line.line_im1_6105_6106,0
Line.line_im1_6106_6107,0
Line.line_im1_6107_6108,0
Line.line_im1_6108_6002,0
Line.line_im1_6110_6074,0
Line.line_im1_6110_6111,0
Line.line_im1_6111_6112,0
Line.line_im1_6112_6113,0
Line.line_im1_6113_6114,0
Line.line_im1_6114_6115,0
Line.line_im1_6115_6116,0
Line.line_im1_6116_6117,0
Line.line_im1_6117_6118,0
Line.line_im1_6118_6119,0
Line.line_im1_6119_6120,0
Line.line_im1_6121_6086,0
Line.line_im1_6121_6122,0
Line.line_im1_6122_6123,0
Line.line_im1_6124_6075,0
Line.line_im1_6124_6132,0
Line.line_im1_6125_6133,0
Line.line_im1_6126_6127,0
Line.line_im1_6127_6128,0
Line.line_im1_6128_6129,0
Line.line_im1_6130_6131,0
Line.line_im1_6131_6083,0
Line.line_im1_6132_6125,0
Line.line_im1_6133_6134,0
Line.line_im1_6134_6135,0
Line.line_im1_6135_6136,0
Line.line_im1_6136_6126,0
Line.line_im1_6137_6063,0
Line.line_im1_6138_6062,0
Line.line_im1_6139_6061,0
Line.line_im1_6140_6045,0
Line.line_im1_6141_6140,0
Line.line_im1_6142_6044,0
Line.line_im1_6143_6009,0
Line.line_im1_6144_6143,0
Line.line_im1_6145_6144,0
Line.line_im1_6146_6145,0
Line.line_im1_6147_6146,0
Line.line_im1_6148_6147,0
Line.line_im1_6149_6148,0
Line.line_im1_6150_6149,0
Line.line_im1_6151_6150,0
Line.line_im1_6152_6151,0
Line.line_im1_6153_6152,0
Line.line_im1_6154_6153,0
Line.line_im1_6155_6154,0
Line.line_im1_6156_6155,0
Line.line_im1_6157_6156,0
Line.line_im1_6158_6157,0
Line.line_im1_6159_6158,0
Line.line_im1_6160_6159,0
Line.line_im1_6161_6160,0
Line.line_im1_6162_6161,0
Line.line_im1_6163_6162,0
Line.line_im1_6164_6163,0
Line.line_im2_107_7001,0
Line.line_im2_7001_7002,0
Line.line_im2_7002_7104,0
Line.line_im2_7003_7100,0
Line.line_im2_7004_7099,0
Line.line_im2_7005_7006,0
Line.line_im2_7006_7097,0
Line.line_im2_7007_7008,0
Line.line_im2_7008_7009,0
Line.line_im2_7009_7096,0
Line.line_im2_7010_7011,0
Line.line_im2_7011_7094,0
Line.line_im2_7012_7093,0
Line.line_im2_7013_7092,0
Line.line_im2_7014_7091,0
Line.line_im2_7015_7090,0
Line.line_im2_7016_7017,0
Line.line_im2_7017_7018,0
Line.line_im2_7018_7089,0
Line.line_im2_7019_7020,0
Line.line_im2_7020_7021,0
Line.line_im2_7021_7022,0
Line.line_im2_7022_7023,0
Line.line_im2_7023_7088,0
Line.line_im2_7024_7025,0
Line.line_im2_7025_7026,0
Line.line_im2_7026_7087,0
Line.line_im2_7027_7086,0
Line.line_im2_7028_7084,0
Line.line_im2_7029_7083,0
Line.line_im2_7030_7031,0
Line.line_im2_7031_7032,0
Line.line_im2_7032_7033,0
Line.line_im2_7033_7034,0
Line.line_im2_7034_7082,0
Line.line_im2_7035_7081,0
Line.line_im2_7036_7037,0
Line.line_im2_7037_7038,0
Line.line_im2_7038_7039,0
Line.line_im2_7039_7040,0
Line.line_im2_7040_7079,0
Line.line_im2_7041_7042,0
Line.line_im2_7042_7043,0
Line.line_im2_7043_7078,0
Line.line_im2_7044_7077,0
Line.line_im2_7045_7046,0
Line.line_im2_7046_7076,0
Line.line_im2_7047_7075,0
Line.line_im2_7048_7074,0
Line.line_im2_7049_7050,0
Line.line_im2_7050_7051,0
Line.line_im2_7051_7073,0
Line.line_im2_7052_7053,0
Line.line_im2_7053_7072,0
Line.line_im2_7054_7071,0
Line.line_im2_7055_7056,0
Line.line_im2_7056_7070,0
Line.line_im2_7057_7058,0
Line.line_im2_7058_7068,0
Line.line_im2_7059_7067,0
Line.line_im2_7060_7061,0
Line.line_im2_7061_7063,0
Line.line_im2_7063_7064,0
Line.line_im2_7064_7062,0
Line.line_im2_7065_7060,0
Line.line_im2_7066_7065,0
Line.line_im2_7067_7066,0
Line.line_im2_7068_7059,0
Line.line_im2_7069_7057,0
Line.line_im2_7070_7069,0
Line.line_im2_7071_7055,0
Line.line_im2_7072_7054,0
Line.line_im2_7073_7052,0
Line.line_im2_7074_7049,0
Line.line_im2_7075_7048,0
Line.line_im2_7076_7047,0
Line.line_im2_7077_7045,0
Line.line_im2_7078_7044,0
Line.line_im2_7079_7041,0
Line.line_im2_7080_7036,0
Line.line_im2_7081_7080,0
Line.line_im2_7082_7035,0
Line.line_im2_7083_7030,0
Line.line_im2_7084_7029,0
Line.line_im2_7085_7028,0
Line.line_im2_7086_7085,0
Line.line_im2_7087_7027,0
Line.line_im2_7088_7024,0
Line.line_im2_7089_7019,0
Line.line_im2_7090_7016,0
Line.line_im2_7091_7015,0
Line.line_im2_7092_7014,0
Line.line_im2_7093_7013,0
Line.line_im2_7094_7012,0
Line.line_im2_7095_7010,0
Line.line_im2_7096_7095,0
Line.line_im2_7097_7007,0
Line.line_im2_7098_7005,0
Line.line_im2_7099_7098,0
Line.line_im2_7100_7004,0
Line.line_im2_7101_7003,0
Line.line_im2_7102_7101,0
Line.line_im2_7103_7102,0
Line.line_im2_7104_7103,0
Line.line_kot_8362_8364,0
Line.line_kot_8363_8155,0
Line.line_kot_8001_8218,0
Line.line_kot_8002_8124,0
Line.line_kot_8003_8002,0
Line.line_kot_8004_8003,0
Line.line_kot_8005_8004,0
Line.line_kot_8006_8005,0
Line.line_kot_8007_8006,0
Line.line_kot_8008_8007,0
Line.line_kot_8009_8008,0
Line.line_kot_8010_8009,0
Line.line_kot_8011_8010,0
Line.line_kot_8012_8011,0
Line.line_kot_8013_8012,0
Line.line_kot_8014_8013,0
Line.line_kot_8015_8014,0
Line.line_kot_8016_8015,0
Line.line_kot_8017_8016,0
Line.line_kot_8018_8017,0
Line.line_kot_8019_8018,0
Line.line_kot_8020_8019,0
Line.line_kot_8021_8020,0
Line.line_kot_8022_8021,0
Line.line_kot_8023_8022,0
Line.line_kot_8024_8023,0
Line.line_kot_8025_8024,0
Line.line_kot_8026_8025,0
Line.line_kot_8027_8026,0
Line.line_kot_8028_8367,0
Line.line_kot_8029_8104,0
Line.line_kot_8030_8029,0
Line.line_kot_8031_8030,0
Line.line_kot_8032_8031,0
Line.line_kot_8033_8032,0
Line.line_kot_8034_8033,0
Line.line_kot_8035_8034,0
Line.line_kot_8036_8035,0
Line.line_kot_8037_8036,0
Line.line_kot_8038_8037,0
Line.line_kot_8039_8038,0
Line.line_kot_8040_8039,0
Line.line_kot_8041_8040,0
Line.line_kot_8042_8041,0
Line.line_kot_8043_8042,0
Line.line_kot_8044_8043,0
Line.line_kot_8045_8044,0
Line.line_kot_8046_8045,0
Line.line_kot_8047_8046,0
Line.line_kot_8048_8047,0
Line.line_kot_8049_8048,0
Line.line_kot_8050_8049,0
Line.line_kot_8050_8370,0
Line.line_kot_8051_8052,0
Line.line_kot_8052_8372,0
Line.line_kot_8053_8054,0
Line.line_kot_8054_8055,0
Line.line_kot_8055_8373,0
Line.line_kot_8056_8057,0
Line.line_kot_8057_8058,0
Line.line_kot_8058_8375,0
Line.line_kot_8059_8376,0
Line.line_kot_8060_8061,0
Line.line_kot_8061_8062,0
Line.line_kot_8062_8377,0
Line.line_kot_8063_8064,0
Line.line_kot_8064_8065,0
Line.line_kot_8065_8066,0
Line.line_kot_8066_8067,0
Line.line_kot_8067_8068,0
Line.line_kot_8068_8088,0
Line.line_kot_8069_8070,0
Line.line_kot_8070_8071,0
Line.line_kot_8071_8072,0
Line.line_kot_8072_8073,0
Line.line_kot_8073_8074,0
Line.line_kot_8074_8379,0
Line.line_kot_8075_8380,0
Line.line_kot_8076_8381,0
Line.line_kot_8077_8078,0
Line.line_kot_8078_8079,0
Line.line_kot_8079_8080,0
Line.line_kot_8080_8359,0
Line.line_kot_8081_8383,0
Line.line_kot_8082_8083,0
Line.line_kot_8083_8084,0
Line.line_kot_8084_8085,0
Line.line_kot_8085_8384,0
Line.line_kot_8086_8385,0
Line.line_kot_8088_8069,0
Line.line_kot_8088_8371,0
Line.line_kot_8089_8090,0
Line.line_kot_8090_8091,0
Line.line_kot_8091_8092,0
Line.line_kot_8092_8093,0
Line.line_kot_8093_8094,0
Line.line_kot_8094_8095,0
Line.line_kot_8095_8096,0
Line.line_kot_8096_8097,0
Line.line_kot_8097_8098,0
Line.line_kot_8098_8099,0
Line.line_kot_8099_8100,0
Line.line_kot_8100_8369,0
Line.line_kot_8101_8102,0
Line.line_kot_8102_8103,0
Line.line_kot_8104_8028,0
Line.line_kot_8104_8368,0
Line.line_kot_8105_8106,0
Line.line_kot_8106_8107,0
Line.line_kot_8107_8108,0
Line.line_kot_8108_8109,0
Line.line_kot_8109_8110,0
Line.line_kot_8110_8111,0
Line.line_kot_8111_8112,0
Line.line_kot_8112_8113,0
Line.line_kot_8113_8114,0
Line.line_kot_8114_8115,0
Line.line_kot_8115_8116,0
Line.line_kot_8116_8117,0
Line.line_kot_8117_8118,0
Line.line_kot_8118_8119,0
Line.line_kot_8119_8120,0
Line.line_kot_8120_8121,0
Line.line_kot_8121_8122,0
Line.line_kot_8122_8123,0
Line.line_kot_8124_8063,0
Line.line_kot_8124_8125,0
Line.line_kot_8125_8126,0
Line.line_kot_8126_8161,0
Line.line_kot_8127_8001,0
Line.line_kot_8128_8365,0
Line.line_kot_8129_8130,0
Line.line_kot_8130_8131,0
Line.line_kot_8131_8356,0
Line.line_kot_8132_8133,0
Line.line_kot_8133_8134,0
Line.line_kot_8134_8135,0
Line.line_kot_8135_8136,0
Line.line_kot_8136_8137,0
Line.line_kot_8137_8138,0
Line.line_kot_8138_8139,0
Line.line_kot_8139_8140,0
Line.line_kot_8140_8141,0
Line.line_kot_8141_8142,0
Line.line_kot_8142_8143,0
Line.line_kot_8143_8144,0
Line.line_kot_8144_8145,0
Line.line_kot_8145_8146,0
Line.line_kot_8146_8147,0
Line.line_kot_8147_8148,0
Line.line_kot_8148_8149,0
Line.line_kot_8149_8150,0
Line.line_kot_8150_8151,0
Line.line_kot_8151_8152,0
Line.line_kot_8152_8153,0
Line.line_kot_8154_8362,0
Line.line_kot_8155_8156,0
Line.line_kot_8156_8157,0
Line.line_kot_8157_8158,0
Line.line_kot_8158_8159,0
Line.line_kot_8159_8160,0
Line.line_kot_8161_8127,0
Line.line_kot_8162_8163,0
Line.line_kot_8163_8164,0
Line.line_kot_8164_8165,0
Line.line_kot_8165_8166,0
Line.line_kot_8166_8167,0
Line.line_kot_8167_8168,0
Line.line_kot_8168_8169,0
Line.line_kot_8169_8170,0
Line.line_kot_8170_8171,0
Line.line_kot_8171_8172,0
Line.line_kot_8172_8173,0
Line.line_kot_8173_8174,0
Line.line_kot_8174_8175,0
Line.line_kot_8175_8176,0
Line.line_kot_8176_8177,0
Line.line_kot_8177_8178,0
Line.line_kot_8178_8179,0
Line.line_kot_8179_8180,0
Line.line_kot_8180_8181,0
Line.line_kot_8181_8182,0
Line.line_kot_8182_8183,0
Line.line_kot_8183_8184,0
Line.line_kot_8184_8185,0
Line.line_kot_8185_8186,0
Line.line_kot_8186_8187,0
Line.line_kot_8187_8188,0
Line.line_kot_8188_8189,0
Line.line_kot_8189_8190,0
Line.line_kot_8190_8191,0
Line.line_kot_8191_8192,0
Line.line_kot_8192_8193,0
Line.line_kot_8194_8195,0
Line.line_kot_8195_8196,0
Line.line_kot_8196_8197,0
Line.line_kot_8197_8198,0
Line.line_kot_8198_8199,0
Line.line_kot_8199_8200,0
Line.line_kot_8201_8200,0
Line.line_kot_8202_8201,0
Line.line_kot_8203_8202,0
Line.line_kot_8204_8203,0
Line.line_kot_8205_8204,0
Line.line_kot_8206_8205,0
Line.line_kot_8207_8206,0
Line.line_kot_8208_8207,0
Line.line_kot_8209_8219,0
Line.line_kot_8210_8209,0
Line.line_kot_8211_8210,0
Line.line_kot_8212_8211,0
Line.line_kot_8213_8212,0
Line.line_kot_8214_8213,0
Line.line_kot_8215_8214,0
Line.line_kot_8216_8215,0
Line.line_kot_8217_8216,0
Line.line_kot_8219_8208,0
Line.line_kot_8219_8220,0
Line.line_kot_8220_8221,0
Line.line_kot_8221_8222,0
Line.line_kot_8222_8223,0
Line.line_kot_8223_8224,0
Line.line_kot_8224_8225,0
Line.line_kot_8226_8227,0
Line.line_kot_8227_8228,0
Line.line_kot_8228_8229,0
Line.line_kot_8229_8230,0
Line.line_kot_8230_8231,0
Line.line_kot_8231_8232,0
Line.line_kot_8232_8233,0
Line.line_kot_8233_8234,0
Line.line_kot_8234_8334,0
Line.line_kot_8235_8236,0
Line.line_kot_8236_8237,0
Line.line_kot_8237_8238,0
Line.line_kot_8238_8311,0
Line.line_kot_8239_8240,0
Line.line_kot_8240_8241,0
Line.line_kot_8241_8242,0
Line.line_kot_8242_8243,0
Line.line_kot_8243_8244,0
Line.line_kot_8244_8245,0
Line.line_kot_8245_8246,0
Line.line_kot_8246_8247,0
Line.line_kot_8247_8248,0
Line.line_kot_8248_8249,0
Line.line_kot_8249_8250,0
Line.line_kot_8250_8251,0
Line.line_kot_8251_8252,0
Line.line_kot_8252_8253,0
Line.line_kot_8253_8254,0
Line.line_kot_8254_8255,0
Line.line_kot_8255_8256,0
Line.line_kot_8256_8292,0
Line.line_kot_8257_8258,0
Line.line_kot_8258_8259,0
Line.line_kot_8259_8260,0
Line.line_kot_8260_8261,0
Line.line_kot_8261_8262,0
Line.line_kot_8262_8263,0
Line.line_kot_8263_8264,0
Line.line_kot_8264_8265,0
Line.line_kot_8265_8266,0
Line.line_kot_8266_8267,0
Line.line_kot_8267_8268,0
Line.line_kot_8268_8269,0
Line.line_kot_8269_8270,0
Line.line_kot_8270_8271,0
Line.line_kot_8271_8272,0
Line.line_kot_8272_8273,0
Line.line_kot_8274_8275,0
Line.line_kot_8275_8276,0
Line.line_kot_8276_8277,0
Line.line_kot_8277_8278,0
Line.line_kot_8278_8279,0
Line.line_kot_8279_8280,0
Line.line_kot_8280_8281,0
Line.line_kot_8281_8282,0
Line.line_kot_8282_8283,0
Line.line_kot_8283_8284,0
Line.line_kot_8284_8285,0
Line.line_kot_8285_8286,0
Line.line_kot_8286_8287,0
Line.line_kot_8287_8288,0
Line.line_kot_8288_8289,0
Line.line_kot_8289_8290,0
Line.line_kot_8290_8291,0
Line.line_kot_8291_8296,0
Line.line_kot_8292_8257,0
Line.line_kot_8292_8293,0
Line.line_kot_8293_8294,0
Line.line_kot_8294_8295,0
Line.line_kot_8296_8194,0
Line.line_kot_8296_8297,0
Line.line_kot_8297_8298,0
Line.line_kot_8298_8299,0
Line.line_kot_8299_8300,0
Line.line_kot_8300_8301,0
Line.line_kot_8301_8302,0
Line.line_kot_8302_8303,0
Line.line_kot_8303_8304,0
Line.line_kot_8304_8305,0
Line.line_kot_8305_8306,0
Line.line_kot_8306_8307,0
Line.line_kot_8307_8308,0
Line.line_kot_8308_8309,0
Line.line_kot_8309_8310,0
Line.line_kot_8311_8312,0
Line.line_kot_8312_8313,0
Line.line_kot_8313_8314,0
Line.line_kot_8314_8315,0
Line.line_kot_8315_8316,0
Line.line_kot_8316_8317,0
Line.line_kot_8317_8318,0
Line.line_kot_8318_8319,0
Line.line_kot_8319_8320,0
Line.line_kot_8320_8321,0
Line.line_kot_8321_8322,0
Line.line_kot_8322_8323,0
Line.line_kot_8323_8324,0
Line.line_kot_8324_8325,0
Line.line_kot_8325_8326,0
Line.line_kot_8326_8327,0
Line.line_kot_8327_8328,0
Line.line_kot_8328_8329,0
Line.line_kot_8329_8330,0
Line.line_kot_8330_8331,0
Line.line_kot_8331_8332,0
Line.line_kot_8332_8333,0
Line.line_kot_8334_8235,0
Line.line_kot_8334_8361,0
Line.line_kot_8335_8336,0
Line.line_kot_8336_8337,0
Line.line_kot_8337_8338,0
Line.line_kot_8338_8339,0
Line.line_kot_8339_8340,0
Line.line_kot_8340_8341,0
Line.line_kot_8341_8342,0
Line.line_kot_8342_8343,0
Line.line_kot_8343_8344,0
Line.line_kot_8344_8345,0
Line.line_kot_8345_8346,0
Line.line_kot_8346_8347,0
Line.line_kot_8347_8348,0
Line.line_kot_8348_8349,0
Line.line_kot_8349_8350,0
Line.line_kot_8350_8351,0
Line.line_kot_8351_8352,0
Line.line_kot_8352_8353,0
Line.line_kot_8353_8354,0
Line.line_kot_8354_8355,0
Line.line_kot_8356_8132,0
Line.line_kot_8356_8357,0
Line.line_kot_8357_8358,0
Line.line_kot_8359_8081,0
Line.line_kot_8360_8335,0
Line.line_kot_8361_8360,0
Line.line_kot_8362_8129,0
Line.line_kot_8365_8362,0
Line.line_kot_8366_8162,0
Line.line_kot_8367_8027,0
Line.line_kot_8368_8105,0
Line.line_kot_8369_8101,0
Line.line_kot_8370_8051,0
Line.line_kot_8371_8089,0
Line.line_kot_8372_8053,0
Line.line_kot_8373_8374,0
Line.line_kot_8374_8056,0
Line.line_kot_8375_8059,0
Line.line_kot_8376_8060,0
Line.line_kot_8377_8378,0
Line.line_kot_8378_108,0
Line.line_kot_8379_8075,0
Line.line_kot_8380_8076,0
Line.line_kot_8381_8382,0
Line.line_kot_8382_8077,0
Line.line_kot_8383_8082,0
Line.line_kot_8384_8086,0
Line.line_kot_8385_8386,0
Line.line_kot_8386_8087,0
Line.line_lub_9112_9113,0
Line.line_lub_9502_9430,0
Line.line_lub_9131_9255,0
Line.line_lub_9255_9502,0
Line.line_lub_109_9575,0
Line.line_lub_9001_9339,0
Line.line_lub_9001_9511,0
Line.line_lub_9003_9372,0
Line.line_lub_9006_9007,0
Line.line_lub_9006_9421,0
Line.line_lub_9010_9011,0
Line.line_lub_9010_9145,0
Line.line_lub_9012_9142,0
Line.line_lub_9012_9500,0
Line.line_lub_9014_9015,0
Line.line_lub_9014_9439,0
Line.line_lub_9020_9021,0
Line.line_lub_9020_9338,0
Line.line_lub_9023_9024,0
Line.line_lub_9023_9452,0
Line.line_lub_9025_9572,0
Line.line_lub_9026_9571,0
Line.line_lub_9027_9567,0
Line.line_lub_9028_9563,0
Line.line_lub_9029_9560,0
Line.line_lub_9030_9031,0
Line.line_lub_9031_9559,0
Line.line_lub_9032_9033,0
Line.line_lub_9033_9557,0
Line.line_lub_9034_9035,0
Line.line_lub_9035_9555,0
Line.line_lub_9036_9554,0
Line.line_lub_9037_9553,0
Line.line_lub_9038_9552,0
Line.line_lub_9039_9040,0
Line.line_lub_9040_9041,0
Line.line_lub_9041_9551,0
Line.line_lub_9042_9550,0
Line.line_lub_9043_9407,0
Line.line_lub_9044_9543,0
Line.line_lub_9045_9046,0
Line.line_lub_9046_9047,0
Line.line_lub_9047_9541,0
Line.line_lub_9047_9542,0
Line.line_lub_9048_9540,0
Line.line_lub_9049_9539,0
Line.line_lub_9050_9051,0
Line.line_lub_9051_9537,0
Line.line_lub_9052_9535,0
Line.line_lub_9053_9054,0
Line.line_lub_9053_9534,0
Line.line_lub_9054_9531,0
Line.line_lub_9055_9056,0
Line.line_lub_9056_9529,0
Line.line_lub_9057_9058,0
Line.line_lub_9058_9528,0
Line.line_lub_9059_9060,0
Line.line_lub_9060_9061,0
Line.line_lub_9061_9062,0
Line.line_lub_9062_9063,0
Line.line_lub_9063_9527,0
Line.line_lub_9064_9065,0
Line.line_lub_9065_9526,0
Line.line_lub_9066_9525,0
Line.line_lub_9067_9523,0
Line.line_lub_9068_9522,0
Line.line_lub_9069_9521,0
Line.line_lub_9070_9071,0
Line.line_lub_9071_9520,0
Line.line_lub_9072_9073,0
Line.line_lub_9073_9074,0
Line.line_lub_9074_9519,0
Line.line_lub_9075_9517,0
Line.line_lub_9076_9077,0
Line.line_lub_9077_9515,0
Line.line_lub_9078_9513,0
Line.line_lub_9079_9080,0
Line.line_lub_9080_9081,0
Line.line_lub_9080_9512,0
Line.line_lub_9081_9082,0
Line.line_lub_9082_9083,0
Line.line_lub_9083_9084,0
Line.line_lub_9084_9085,0
Line.line_lub_9085_9086,0
Line.line_lub_9086_9087,0
Line.line_lub_9087_9088,0
Line.line_lub_9088_9089,0
Line.line_lub_9089_9090,0
Line.line_lub_9090_9091,0
Line.line_lub_9091_9092,0
Line.line_lub_9092_9093,0
Line.line_lub_9093_9094,0
Line.line_lub_9094_9095,0
Line.line_lub_9095_9096,0
Line.line_lub_9096_9097,0
Line.line_lub_9097_9098,0
Line.line_lub_9098_9099,0
Line.line_lub_9099_9100,0
Line.line_lub_9100_9101,0
Line.line_lub_9101_9102,0
Line.line_lub_9102_9322,0
Line.line_lub_9103_9104,0
Line.line_lub_9104_9105,0
Line.line_lub_9105_9106,0
Line.line_lub_9106_9107,0
Line.line_lub_9107_9108,0
Line.line_lub_9108_9109,0
Line.line_lub_9109_9110,0
Line.line_lub_9110_9342,0
Line.line_lub_9111_9112,0
Line.line_lub_9113_9114,0
Line.line_lub_9114_9115,0
Line.line_lub_9115_9116,0
Line.line_lub_9116_9117,0
Line.line_lub_9117_9118,0
Line.line_lub_9118_9119,0
Line.line_lub_9119_9349,0
Line.line_lub_9120_9388,0
Line.line_lub_9121_9122,0
Line.line_lub_9122_9485,0
Line.line_lub_9123_9124,0
Line.line_lub_9124_9400,0
Line.line_lub_9125_9126,0
Line.line_lub_9126_9127,0
Line.line_lub_9127_9128,0
Line.line_lub_9128_9129,0
Line.line_lub_9129_9130,0
Line.line_lub_9129_9488,0
Line.line_lub_9132_9133,0
Line.line_lub_9133_9134,0
Line.line_lub_9134_9135,0
Line.line_lub_9135_9422,0
Line.line_lub_9136_9137,0
Line.line_lub_9137_9233,0
Line.line_lub_9138_9239,0
Line.line_lub_9139_9140,0
Line.line_lub_9140_9141,0
Line.line_lub_9141_9012,0
Line.line_lub_9142_9143,0
Line.line_lub_9143_9144,0
Line.line_lub_9144_9010,0
Line.line_lub_9145_9146,0
Line.line_lub_9146_9147,0
Line.line_lub_9147_9148,0
Line.line_lub_9148_9149,0
Line.line_lub_9149_9150,0
Line.line_lub_9150_9151,0
Line.line_lub_9151_9152,0
Line.line_lub_9152_9153,0
Line.line_lub_9153_9154,0
Line.line_lub_9154_9155,0
Line.line_lub_9155_9156,0
Line.line_lub_9156_9157,0
Line.line_lub_9157_9158,0
Line.line_lub_9158_9159,0
Line.line_lub_9159_9160,0
Line.line_lub_9160_9161,0
Line.line_lub_9161_9162,0
Line.line_lub_9162_9163,0
Line.line_lub_9163_9164,0
Line.line_lub_9164_9165,0
Line.line_lub_9165_9174,0
Line.line_lub_9166_9167,0
Line.line_lub_9167_9168,0
Line.line_lub_9168_9169,0
Line.line_lub_9169_9170,0
Line.line_lub_9170_9171,0
Line.line_lub_9171_9172,0
Line.line_lub_9172_9173,0
Line.line_lub_9174_9165,0
Line.line_lub_9174_9166,0
Line.line_lub_9174_9175,0
Line.line_lub_9175_9176,0
Line.line_lub_9176_9177,0
Line.line_lub_9177_9178,0
Line.line_lub_9178_9179,0
Line.line_lub_9179_9180,0
Line.line_lub_9181_9182,0
Line.line_lub_9182_9183,0
Line.line_lub_9183_9184,0
Line.line_lub_9184_9185,0
Line.line_lub_9185_9186,0
Line.line_lub_9186_9187,0
Line.line_lub_9187_9188,0
Line.line_lub_9188_9215,0
Line.line_lub_9189_9190,0
Line.line_lub_9190_9191,0
Line.line_lub_9191_9192,0
Line.line_lub_9192_9193,0
Line.line_lub_9193_9194,0
Line.line_lub_9194_9195,0
Line.line_lub_9195_9196,0
Line.line_lub_9196_9197,0
Line.line_lub_9197_9198,0
Line.line_lub_9197_9499,0
Line.line_lub_9198_9199,0
Line.line_lub_9199_9200,0
Line.line_lub_9200_9201,0
Line.line_lub_9201_9202,0
Line.line_lub_9202_9203,0
Line.line_lub_9203_9204,0
Line.line_lub_9204_9205,0
Line.line_lub_9205_9206,0
Line.line_lub_9206_9207,0
Line.line_lub_9207_9208,0
Line.line_lub_9209_9208,0
Line.line_lub_9209_9210,0
Line.line_lub_9210_9211,0
Line.line_lub_9211_9212,0
Line.line_lub_9212_9213,0
Line.line_lub_9213_9214,0
Line.line_lub_9215_9189,0
Line.line_lub_9215_9216,0
Line.line_lub_9216_9217,0
Line.line_lub_9217_9218,0
Line.line_lub_9218_9219,0
Line.line_lub_9219_9220,0
Line.line_lub_9220_9221,0
Line.line_lub_9221_9222,0
Line.line_lub_9222_9223,0
Line.line_lub_9223_9224,0
Line.line_lub_9224_9225,0
Line.line_lub_9225_9226,0
Line.line_lub_9226_9227,0
Line.line_lub_9227_9228,0
Line.line_lub_9228_9229,0
Line.line_lub_9229_9230,0
Line.line_lub_9230_9231,0
Line.line_lub_9231_9232,0
Line.line_lub_9234_9235,0
Line.line_lub_9235_9236,0
Line.line_lub_9236_9237,0
Line.line_lub_9237_9238,0
Line.line_lub_9239_9139,0
Line.line_lub_9239_9240,0
Line.line_lub_9241_9242,0
Line.line_lub_9242_9243,0
Line.line_lub_9243_9244,0
Line.line_lub_9244_9245,0
Line.line_lub_9245_9246,0
Line.line_lub_9246_9247,0
Line.line_lub_9247_9248,0
Line.line_lub_9249_9270,0
Line.line_lub_9250_9249,0
Line.line_lub_9251_9250,0
Line.line_lub_9252_9251,0
Line.line_lub_9253_9252,0
Line.line_lub_9254_9253,0
Line.line_lub_9255_9254,0
Line.line_lub_9255_9256,0
Line.line_lub_9256_9257,0
Line.line_lub_9257_9258,0
Line.line_lub_9258_9259,0
Line.line_lub_9259_9260,0
Line.line_lub_9260_9261,0
Line.line_lub_9261_9262,0
Line.line_lub_9261_9289,0
Line.line_lub_9262_9434,0
Line.line_lub_9263_9264,0
Line.line_lub_9264_9265,0
Line.line_lub_9265_9266,0
Line.line_lub_9266_9267,0
Line.line_lub_9267_9268,0
Line.line_lub_9268_9269,0
Line.line_lub_9270_9263,0
Line.line_lub_9270_9271,0
Line.line_lub_9271_9272,0
Line.line_lub_9272_9273,0
Line.line_lub_9273_9274,0
Line.line_lub_9274_9275,0
Line.line_lub_9275_9276,0
Line.line_lub_9276_9277,0
Line.line_lub_9277_9278,0
Line.line_lub_9278_9279,0
Line.line_lub_9279_9284,0
Line.line_lub_9280_9281,0
Line.line_lub_9281_9282,0
Line.line_lub_9282_9283,0
Line.line_lub_9284_9280,0
Line.line_lub_9284_9285,0
Line.line_lub_9285_9286,0
Line.line_lub_9286_9287,0
Line.line_lub_9289_9288,0
Line.line_lub_9290_9261,0
Line.line_lub_9290_9474,0
Line.line_lub_9291_9292,0
Line.line_lub_9292_9293,0
Line.line_lub_9293_9294,0
Line.line_lub_9294_9295,0
Line.line_lub_9295_9296,0
Line.line_lub_9296_9297,0
Line.line_lub_9297_9298,0
Line.line_lub_9298_9299,0
Line.line_lub_9299_9300,0
Line.line_lub_9301_9302,0
Line.line_lub_9301_9319,0
Line.line_lub_9302_9303,0
Line.line_lub_9303_9304,0
Line.line_lub_9304_9305,0
Line.line_lub_9305_9306,0
Line.line_lub_9306_9507,0
Line.line_lub_9307_9308,0
Line.line_lub_9308_9309,0
Line.line_lub_9309_9310,0
Line.line_lub_9311_9310,0
Line.line_lub_9312_9311,0
Line.line_lub_9313_9312,0
Line.line_lub_9314_9313,0
Line.line_lub_9315_9314,0
Line.line_lub_9316_9315,0
Line.line_lub_9317_9316,0
Line.line_lub_9318_9301,0
Line.line_lub_9319_9320,0
Line.line_lub_9320_9497,0
Line.line_lub_9322_9103,0
Line.line_lub_9322_9323,0
Line.line_lub_9323_9324,0
Line.line_lub_9324_9325,0
Line.line_lub_9325_9332,0
Line.line_lub_9326_9327,0
Line.line_lub_9327_9328,0
Line.line_lub_9328_9329,0
Line.line_lub_9329_9330,0
Line.line_lub_9330_9331,0
Line.line_lub_9332_9326,0
Line.line_lub_9332_9333,0
Line.line_lub_9333_9334,0
Line.line_lub_9334_9335,0
Line.line_lub_9335_9336,0
Line.line_lub_9336_9337,0
Line.line_lub_9337_9020,0
Line.line_lub_9338_9001,0
Line.line_lub_9339_9340,0
Line.line_lub_9340_9341,0
Line.line_lub_9342_9111,0
Line.line_lub_9342_9508,0
Line.line_lub_9343_9344,0
Line.line_lub_9344_9345,0
Line.line_lub_9345_9346,0
Line.line_lub_9346_9347,0
Line.line_lub_9347_9348,0
Line.line_lub_9349_9120,0
Line.line_lub_9349_9350,0
Line.line_lub_9350_9241,0
Line.line_lub_9350_9506,0
Line.line_lub_9351_9352,0
Line.line_lub_9352_9353,0
Line.line_lub_9353_9418,0
Line.line_lub_9354_9355,0
Line.line_lub_9355_9356,0
Line.line_lub_9355_9504,0
Line.line_lub_9356_9357,0
Line.line_lub_9357_9358,0
Line.line_lub_9358_9359,0
Line.line_lub_9359_9360,0
Line.line_lub_9360_9361,0
Line.line_lub_9361_9362,0
Line.line_lub_9361_9385,0
Line.line_lub_9362_9363,0
Line.line_lub_9363_9364,0
Line.line_lub_9364_9365,0
Line.line_lub_9365_9366,0
Line.line_lub_9366_9367,0
Line.line_lub_9367_9368,0
Line.line_lub_9368_9369,0
Line.line_lub_9369_9381,0
Line.line_lub_9370_9371,0
Line.line_lub_9371_9372,0
Line.line_lub_9372_9373,0
Line.line_lub_9373_9374,0
Line.line_lub_9374_9375,0
Line.line_lub_9375_9376,0
Line.line_lub_9376_9377,0
Line.line_lub_9377_9378,0
Line.line_lub_9378_9379,0
Line.line_lub_9379_9380,0
Line.line_lub_9381_9370,0
Line.line_lub_9381_9382,0
Line.line_lub_9382_9383,0
Line.line_lub_9383_9384,0
Line.line_lub_9385_9008,0
Line.line_lub_9385_9386,0
Line.line_lub_9386_9387,0
Line.line_lub_9388_9121,0
Line.line_lub_9388_9389,0
Line.line_lub_9389_9390,0
Line.line_lub_9390_9391,0
Line.line_lub_9391_9392,0
Line.line_lub_9392_9393,0
Line.line_lub_9394_9123,0
Line.line_lub_9394_9395,0
Line.line_lub_9395_9396,0
Line.line_lub_9396_9397,0
Line.line_lub_9397_9398,0
Line.line_lub_9398_9399,0
Line.line_lub_9400_9125,0
Line.line_lub_9400_9401,0
Line.line_lub_9401_9402,0
Line.line_lub_9402_9403,0
Line.line_lub_9403_9404,0
Line.line_lub_9404_9405,0
Line.line_lub_9405_9406,0
Line.line_lub_9407_9545,0
Line.line_lub_9407_9546,0
Line.line_lub_9408_9409,0
Line.line_lub_9409_9410,0
Line.line_lub_9410_9411,0
Line.line_lub_9411_9412,0
Line.line_lub_9412_9413,0
Line.line_lub_9413_9414,0
Line.line_lub_9414_9415,0
Line.line_lub_9415_9416,0
Line.line_lub_9416_9417,0
Line.line_lub_9418_9005,0
Line.line_lub_9418_9354,0
Line.line_lub_9418_9419,0
Line.line_lub_9419_9420,0
Line.line_lub_9420_9006,0
Line.line_lub_9422_9136,0
Line.line_lub_9422_9423,0
Line.line_lub_9423_9424,0
Line.line_lub_9425_9132,0
Line.line_lub_9425_9501,0
Line.line_lub_9426_9427,0
Line.line_lub_9427_9428,0
Line.line_lub_9430_9431,0
Line.line_lub_9431_9432,0
Line.line_lub_9432_9433,0
Line.line_lub_9434_9509,0
Line.line_lub_9434_9510,0
Line.line_lub_9435_9436,0
Line.line_lub_9436_9451,0
Line.line_lub_9437_9438,0
Line.line_lub_9438_9014,0
Line.line_lub_9439_9446,0
Line.line_lub_9440_9441,0
Line.line_lub_9441_9442,0
Line.line_lub_9442_9443,0
Line.line_lub_9443_9444,0
Line.line_lub_9444_9445,0
Line.line_lub_9446_9440,0
Line.line_lub_9446_9447,0
Line.line_lub_9447_9448,0
Line.line_lub_9448_9449,0
Line.line_lub_9449_9450,0
Line.line_lub_9451_9023,0
Line.line_lub_9451_9437,0
Line.line_lub_9452_9453,0
Line.line_lub_9453_9454,0
Line.line_lub_9454_9455,0
Line.line_lub_9455_9456,0
Line.line_lub_9456_9457,0
Line.line_lub_9457_9458,0
Line.line_lub_9458_9459,0
Line.line_lub_9459_9460,0
Line.line_lub_9460_9461,0
Line.line_lub_9461_9462,0
Line.line_lub_9462_9463,0
Line.line_lub_9463_9017,0
Line.line_lub_9463_9464,0
Line.line_lub_9464_9465,0
Line.line_lub_9465_9466,0
Line.line_lub_9466_9467,0
Line.line_lub_9467_9468,0
Line.line_lub_9468_9469,0
Line.line_lub_9469_9470,0
Line.line_lub_9470_9471,0
Line.line_lub_9471_9472,0
Line.line_lub_9472_9473,0
Line.line_lub_9474_9291,0
Line.line_lub_9474_9475,0
Line.line_lub_9475_9476,0
Line.line_lub_9476_9477,0
Line.line_lub_9478_9479,0
Line.line_lub_9479_9480,0
Line.line_lub_9480_9481,0
Line.line_lub_9481_9482,0
Line.line_lub_9482_9483,0
Line.line_lub_9483_9484,0
Line.line_lub_9485_9394,0
Line.line_lub_9485_9486,0
Line.line_lub_9486_9487,0
Line.line_lub_9488_9318,0
Line.line_lub_9488_9489,0
Line.line_lub_9489_9490,0
Line.line_lub_9490_9491,0
Line.line_lub_9491_9492,0
Line.line_lub_9492_9493,0
Line.line_lub_9493_9494,0
Line.line_lub_9495_9478,0
Line.line_lub_9495_9505,0
Line.line_lub_9496_9321,0
Line.line_lub_9497_9496,0
Line.line_lub_9498_9343,0
Line.line_lub_9499_9009,0
Line.line_lub_9500_9013,0
Line.line_lub_9501_9426,0
Line.line_lub_9502_9425,0
Line.line_lub_9504_9022,0
Line.line_lub_9505_9351,0
Line.line_lub_9506_9495,0
Line.line_lub_9507_9307,0
Line.line_lub_9508_9498,0
Line.line_lub_9509_9016,0
Line.line_lub_9510_9435,0
Line.line_lub_9511_9002,0
Line.line_lub_9512_9019,0
Line.line_lub_9513_9079,0
Line.line_lub_9514_9078,0
Line.line_lub_9515_9514,0
Line.line_lub_9516_9076,0
Line.line_lub_9517_9516,0
Line.line_lub_9518_9075,0
Line.line_lub_9519_9518,0
Line.line_lub_9520_9072,0
Line.line_lub_9521_9070,0
Line.line_lub_9522_9069,0
Line.line_lub_9523_9068,0
Line.line_lub_9524_9067,0
Line.line_lub_9525_9524,0
Line.line_lub_9526_9066,0
Line.line_lub_9527_9064,0
Line.line_lub_9528_9059,0
Line.line_lub_9529_9057,0
Line.line_lub_9530_9055,0
Line.line_lub_9531_9530,0
Line.line_lub_9532_9004,0
Line.line_lub_9533_9532,0
Line.line_lub_9534_9533,0
Line.line_lub_9535_9053,0
Line.line_lub_9536_9052,0
Line.line_lub_9537_9536,0
Line.line_lub_9538_9050,0
Line.line_lub_9539_9538,0
Line.line_lub_9540_9049,0
Line.line_lub_9541_9018,0
Line.line_lub_9542_9048,0
Line.line_lub_9543_9045,0
Line.line_lub_9544_9044,0
Line.line_lub_9545_9544,0
Line.line_lub_9546_9547,0
Line.line_lub_9547_9548,0
Line.line_lub_9548_9408,0
Line.line_lub_9549_9043,0
Line.line_lub_9550_9549,0
Line.line_lub_9551_9042,0
Line.line_lub_9552_9039,0
Line.line_lub_9553_9038,0
Line.line_lub_9554_9037,0
Line.line_lub_9555_9036,0
Line.line_lub_9556_9034,0
Line.line_lub_9557_9556,0
Line.line_lub_9558_9032,0
Line.line_lub_9559_9558,0
Line.line_lub_9560_9030,0
Line.line_lub_9561_9029,0
Line.line_lub_9562_9561,0
Line.line_lub_9563_9562,0
Line.line_lub_9564_9028,0
Line.line_lub_9565_9564,0
Line.line_lub_9566_9565,0
Line.line_lub_9567_9566,0
Line.line_lub_9568_9027,0
Line.line_lub_9569_9568,0
Line.line_lub_9570_9569,0
Line.line_lub_9571_9570,0
Line.line_lub_9572_9026,0
Line.line_lub_9573_9025,0
Line.line_lub_9574_9573,0
Line.line_lub_9575_9574,0
Line.line_new_10001_10255,0
Line.line_new_10002_10260,0
Line.line_new_10003_10004,0
Line.line_new_10004_10270,0
Line.line_new_10005_10006,0
Line.line_new_10006_10264,0
Line.line_new_10007_10271,0
Line.line_new_10008_10277,0
Line.line_new_10009_10010,0
Line.line_new_10010_10283,0
Line.line_new_10011_10286,0
Line.line_new_10012_10289,0
Line.line_new_10013_10293,0
Line.line_new_10014_10015,0
Line.line_new_10015_10016,0
Line.line_new_10016_10017,0
Line.line_new_10017_10018,0
Line.line_new_10018_10019,0
Line.line_new_10019_10020,0
Line.line_new_10020_10021,0
Line.line_new_10021_10022,0
Line.line_new_10022_10023,0
Line.line_new_10023_10024,0
Line.line_new_10024_10025,0
Line.line_new_10025_10291,0
Line.line_new_10026_10027,0
Line.line_new_10027_10028,0
Line.line_new_10028_10029,0
Line.line_new_10029_10030,0
Line.line_new_10030_10031,0
Line.line_new_10031_10032,0
Line.line_new_10032_10033,0
Line.line_new_10033_10284,0
Line.line_new_10034_10035,0
Line.line_new_10035_10282,0
Line.line_new_10036_10037,0
Line.line_new_10037_10281,0
Line.line_new_10038_10039,0
Line.line_new_10039_10040,0
Line.line_new_10040_10041,0
Line.line_new_10041_10276,0
Line.line_new_10042_10043,0
Line.line_new_10043_10273,0
Line.line_new_10044_10045,0
Line.line_new_10045_10272,0
Line.line_new_10046_10047,0
Line.line_new_10047_10274,0
Line.line_new_10048_10049,0
Line.line_new_10049_10275,0
Line.line_new_10050_10278,0
Line.line_new_10051_10052,0
Line.line_new_10052_10280,0
Line.line_new_10053_10285,0
Line.line_new_10054_10055,0
Line.line_new_10055_10287,0
Line.line_new_10056_10288,0
Line.line_new_10057_10058,0
Line.line_new_10058_10059,0
Line.line_new_10059_10292,0
Line.line_new_10060_10061,0
Line.line_new_10061_10295,0
Line.line_new_10062_10063,0
Line.line_new_10063_10296,0
Line.line_new_10064_10297,0
Line.line_new_10065_10066,0
Line.line_new_10066_10067,0
Line.line_new_10067_10298,0
Line.line_new_10068_10069,0
Line.line_new_10069_10299,0
Line.line_new_10070_10071,0
Line.line_new_10071_10300,0
Line.line_new_10072_10073,0
Line.line_new_10073_10301,0
Line.line_new_10074_10075,0
Line.line_new_10075_10302,0
Line.line_new_10076_10077,0
Line.line_new_10077_10303,0
Line.line_new_10078_10304,0
Line.line_new_10079_10080,0
Line.line_new_10080_10305,0
Line.line_new_10081_10082,0
Line.line_new_10082_10306,0
Line.line_new_10083_10307,0
Line.line_new_10084_10085,0
Line.line_new_10085_10086,0
Line.line_new_10086_10087,0
Line.line_new_10087_10088,0
Line.line_new_10088_10089,0
Line.line_new_10089_10090,0
Line.line_new_10090_10091,0
Line.line_new_10091_10092,0
Line.line_new_10092_10093,0
Line.line_new_10093_10094,0
Line.line_new_10094_10095,0
Line.line_new_10095_10096,0
Line.line_new_10096_10097,0
Line.line_new_10097_10098,0
Line.line_new_10098_10099,0
Line.line_new_10099_10100,0
Line.line_new_10100_10101,0
Line.line_new_10101_10102,0
Line.line_new_10102_10191,0
Line.line_new_10103_10104,0
Line.line_new_10104_10105,0
Line.line_new_10105_10106,0
Line.line_new_10106_10107,0
Line.line_new_10107_10108,0
Line.line_new_10108_10109,0
Line.line_new_10109_10110,0
Line.line_new_10110_10111,0
Line.line_new_10111_10112,0
Line.line_new_10112_10113,0
Line.line_new_10113_10114,0
Line.line_new_10114_10115,0
Line.line_new_10115_10116,0
Line.line_new_10116_10243,0
Line.line_new_10117_10118,0
Line.line_new_10118_10119,0
Line.line_new_10119_10120,0
Line.line_new_10120_10121,0
Line.line_new_10121_10122,0
Line.line_new_10122_10123,0
Line.line_new_10123_10124,0
Line.line_new_10124_10125,0
Line.line_new_10125_10126,0
Line.line_new_10126_10127,0
Line.line_new_10127_10128,0
Line.line_new_10128_10129,0
Line.line_new_10129_10130,0
Line.line_new_10130_10131,0
Line.line_new_10131_10132,0
Line.line_new_10132_10133,0
Line.line_new_10133_10134,0
Line.line_new_10134_10135,0
Line.line_new_10135_10136,0
Line.line_new_10136_10250,0
Line.line_new_10137_10138,0
Line.line_new_10138_10139,0
Line.line_new_10139_10140,0
Line.line_new_10140_10143,0
Line.line_new_10141_10142,0
Line.line_new_10143_10141,0
Line.line_new_10143_10144,0
Line.line_new_10144_10145,0
Line.line_new_10145_10311,0
Line.line_new_10146_10147,0
Line.line_new_10147_10148,0
Line.line_new_10148_10149,0
Line.line_new_10149_10150,0
Line.line_new_10150_10151,0
Line.line_new_10151_10230,0
Line.line_new_10152_10153,0
Line.line_new_10153_10154,0
Line.line_new_10154_10155,0
Line.line_new_10155_10224,0
Line.line_new_10156_10157,0
Line.line_new_10157_10158,0
Line.line_new_10158_10159,0
Line.line_new_10159_10160,0
Line.line_new_10160_10161,0
Line.line_new_10161_10167,0
Line.line_new_10162_10163,0
Line.line_new_10163_10164,0
Line.line_new_10164_10165,0
Line.line_new_10165_10166,0
Line.line_new_10167_10162,0
Line.line_new_10167_10168,0
Line.line_new_10168_10169,0
Line.line_new_10169_10170,0
Line.line_new_10170_10171,0
Line.line_new_10171_10172,0
Line.line_new_10172_10173,0
Line.line_new_10173_10174,0
Line.line_new_10174_10175,0
Line.line_new_10175_10176,0
Line.line_new_10176_10177,0
Line.line_new_10177_10178,0
Line.line_new_10178_10179,0
Line.line_new_10179_10180,0
Line.line_new_10180_10181,0
Line.line_new_10181_10182,0
Line.line_new_10182_10183,0
Line.line_new_10183_10184,0
Line.line_new_10184_10185,0
Line.line_new_10185_10186,0
Line.line_new_10186_10187,0
Line.line_new_10187_10188,0
Line.line_new_10188_10189,0
Line.line_new_10189_10190,0
Line.line_new_10192_10193,0
Line.line_new_10193_10194,0
Line.line_new_10194_10195,0
Line.line_new_10195_10196,0
Line.line_new_10196_10197,0
Line.line_new_10197_10198,0
Line.line_new_10198_10199,0
Line.line_new_10199_10200,0
Line.line_new_10200_10201,0
Line.line_new_10201_10202,0
Line.line_new_10202_10203,0
Line.line_new_10203_10204,0
Line.line_new_10204_10205,0
Line.line_new_10205_10206,0
Line.line_new_10206_10207,0
Line.line_new_10207_10208,0
Line.line_new_10208_10209,0
Line.line_new_10209_10210,0
Line.line_new_10210_10211,0
Line.line_new_10211_10212,0
Line.line_new_10212_10213,0
Line.line_new_10213_10214,0
Line.line_new_10214_10215,0
Line.line_new_10215_10216,0
Line.line_new_10216_10217,0
Line.line_new_10217_10218,0
Line.line_new_10218_10219,0
Line.line_new_10219_10220,0
Line.line_new_10220_10221,0
Line.line_new_10221_10222,0
Line.line_new_10222_10223,0
Line.line_new_10224_10156,0
Line.line_new_10224_10225,0
Line.line_new_10225_10226,0
Line.line_new_10226_10227,0
Line.line_new_10227_10228,0
Line.line_new_10228_10229,0
Line.line_new_10230_10152,0
Line.line_new_10230_10231,0
Line.line_new_10231_10232,0
Line.line_new_10232_10233,0
Line.line_new_10233_10234,0
Line.line_new_10234_10235,0
Line.line_new_10235_10236,0
Line.line_new_10236_10237,0
Line.line_new_10237_10238,0
Line.line_new_10238_10239,0
Line.line_new_10239_10240,0
Line.line_new_10242_10241,0
Line.line_new_10243_10117,0
Line.line_new_10243_10242,0
Line.line_new_10243_10244,0
Line.line_new_10244_10245,0
Line.line_new_10245_10246,0
Line.line_new_10246_10247,0
Line.line_new_10247_10248,0
Line.line_new_10248_10249,0
Line.line_new_10250_10137,0
Line.line_new_10251_10252,0
Line.line_new_10252_10253,0
Line.line_new_10253_10254,0
Line.line_new_10254_10001,0
Line.line_new_10255_10256,0
Line.line_new_10256_10257,0
Line.line_new_10257_10258,0
Line.line_new_10258_10259,0
Line.line_new_10259_10002,0
Line.line_new_10260_10261,0
Line.line_new_10261_10262,0
Line.line_new_10262_10263,0
Line.line_new_10263_10268,0
Line.line_new_10264_10265,0
Line.line_new_10265_10266,0
Line.line_new_10266_10007,0
Line.line_new_10267_10005,0
Line.line_new_10268_10269,0
Line.line_new_10269_10003,0
Line.line_new_10270_10267,0
Line.line_new_10271_10008,0
Line.line_new_10272_10046,0
Line.line_new_10273_10044,0
Line.line_new_10274_10048,0
Line.line_new_10275_10050,0
Line.line_new_10276_10042,0
Line.line_new_10277_10279,0
Line.line_new_10278_10051,0
Line.line_new_10279_10009,0
Line.line_new_10280_10053,0
Line.line_new_10281_10038,0
Line.line_new_10282_10036,0
Line.line_new_10283_10011,0
Line.line_new_10284_10034,0
Line.line_new_10285_10054,0
Line.line_new_10286_10012,0
Line.line_new_10287_10056,0
Line.line_new_10288_10057,0
Line.line_new_10289_10290,0
Line.line_new_10290_10013,0
Line.line_new_10291_10026,0
Line.line_new_10292_10060,0
Line.line_new_10293_10294,0
Line.line_new_10294_10014,0
Line.line_new_10295_10062,0
Line.line_new_10296_10064,0
Line.line_new_10297_10065,0
Line.line_new_10298_10068,0
Line.line_new_10299_10070,0
Line.line_new_10300_10072,0
Line.line_new_10301_10074,0
Line.line_new_10302_10076,0
Line.line_new_10303_10078,0
Line.line_new_10304_10079,0
Line.line_new_10305_10081,0
Line.line_new_10306_10083,0
Line.line_new_10307_10084,0
Line.line_new_10308_10103,0
Line.line_new_10309_10146,0
Line.line_new_10310_10309,0
Line.line_new_10311_10310,0
Line.line_new_110_10251,0
Line.line_san_11185_11094,0
Line.line_san_11001_11069,0
Line.line_san_11002_11001,0
Line.line_san_11003_11184,0
Line.line_san_11004_11087,0
Line.line_san_11005_11194,0
Line.line_san_11006_11199,0
Line.line_san_11007_11008,0
Line.line_san_11008_11206,0
Line.line_san_11009_11209,0
Line.line_san_11010_11211,0
Line.line_san_11011_11213,0
Line.line_san_11012_11212,0
Line.line_san_11013_11014,0
Line.line_san_11014_11015,0
Line.line_san_11015_11016,0
Line.line_san_11016_11017,0
Line.line_san_11017_11018,0
Line.line_san_11018_11019,0
Line.line_san_11019_11020,0
Line.line_san_11020_11021,0
Line.line_san_11021_11022,0
Line.line_san_11022_11023,0
Line.line_san_11023_11063,0
Line.line_san_11024_11025,0
Line.line_san_11025_11185,0
Line.line_san_11026_11027,0
Line.line_san_11027_11028,0
Line.line_san_11028_11029,0
Line.line_san_11029_11030,0
Line.line_san_11030_11031,0
Line.line_san_11031_11032,0
Line.line_san_11032_11033,0
Line.line_san_11033_11034,0
Line.line_san_11034_11035,0
Line.line_san_11035_11036,0
Line.line_san_11036_11037,0
Line.line_san_11037_11038,0
Line.line_san_11038_11039,0
Line.line_san_11039_11040,0
Line.line_san_11040_11041,0
Line.line_san_11041_11042,0
Line.line_san_11042_11043,0
Line.line_san_11043_11044,0
Line.line_san_11044_11045,0
Line.line_san_11045_11046,0
Line.line_san_11046_11047,0
Line.line_san_11047_11048,0
Line.line_san_11048_11049,0
Line.line_san_11049_11050,0
Line.line_san_11050_11051,0
Line.line_san_11051_11052,0
Line.line_san_11052_11053,0
Line.line_san_11053_11054,0
Line.line_san_11054_11055,0
Line.line_san_11055_11056,0
Line.line_san_11056_11218,0
Line.line_san_11057_11219,0
Line.line_san_11058_11059,0
Line.line_san_11059_11060,0
Line.line_san_11060_11061,0
Line.line_san_11061_11062,0
Line.line_san_11064_11065,0
Line.line_san_11065_11066,0
Line.line_san_11066_11067,0
Line.line_san_11067_11068,0
Line.line_san_11068_11002,0
Line.line_san_11069_11070,0
Line.line_san_11070_11071,0
Line.line_san_11071_11072,0
Line.line_san_11072_11073,0
Line.line_san_11073_11074,0
Line.line_san_11074_11075,0
Line.line_san_11075_11076,0
Line.line_san_11076_11077,0
Line.line_san_11077_11078,0
Line.line_san_11078_11079,0
Line.line_san_11079_11080,0
Line.line_san_11080_11081,0
Line.line_san_11081_11082,0
Line.line_san_11082_11083,0
Line.line_san_11083_11084,0
Line.line_san_11084_11085,0
Line.line_san_11085_11086,0
Line.line_san_11086_11004,0
Line.line_san_11087_11088,0
Line.line_san_11088_11089,0
Line.line_san_11090_11089,0
Line.line_san_11091_11090,0
Line.line_san_11092_11091,0
Line.line_san_11092_11136,0
Line.line_san_11094_11095,0
Line.line_san_11095_11096,0
Line.line_san_11096_11097,0
Line.line_san_11097_11098,0
Line.line_san_11098_11099,0
Line.line_san_11099_11100,0
Line.line_san_111_11188,0
Line.line_san_11100_11101,0
Line.line_san_11101_11102,0
Line.line_san_11102_11103,0
Line.line_san_11103_11104,0
Line.line_san_11104_11105,0
Line.line_san_11105_11106,0
Line.line_san_11106_11107,0
Line.line_san_11107_11108,0
Line.line_san_11108_11109,0
Line.line_san_11109_11110,0
Line.line_san_11111_11216,0
Line.line_san_11112_11111,0
Line.line_san_11113_11112,0
Line.line_san_11114_11113,0
Line.line_san_11114_11115,0
Line.line_san_11115_11116,0
Line.line_san_11116_11117,0
Line.line_san_11117_11118,0
Line.line_san_11118_11119,0
Line.line_san_11119_11120,0
Line.line_san_11120_11121,0
Line.line_san_11122_11123,0
Line.line_san_11123_11124,0
Line.line_san_11124_11125,0
Line.line_san_11125_11126,0
Line.line_san_11126_11127,0
Line.line_san_11127_11128,0
Line.line_san_11128_11129,0
Line.line_san_11129_11130,0
Line.line_san_11130_11131,0
Line.line_san_11131_11132,0
Line.line_san_11132_11187,0
Line.line_san_11133_11134,0
Line.line_san_11134_11135,0
Line.line_san_11136_11137,0
Line.line_san_11137_11138,0
Line.line_san_11138_11139,0
Line.line_san_11139_11140,0
Line.line_san_11140_11141,0
Line.line_san_11141_11142,0
Line.line_san_11142_11143,0
Line.line_san_11143_11144,0
Line.line_san_11144_11145,0
Line.line_san_11145_11146,0
Line.line_san_11146_11147,0
Line.line_san_11147_11148,0
Line.line_san_11148_11149,0
Line.line_san_11149_11150,0
Line.line_san_11150_11151,0
Line.line_san_11151_11152,0
Line.line_san_11153_11154,0
Line.line_san_11153_11164,0
Line.line_san_11154_11155,0
Line.line_san_11155_11156,0
Line.line_san_11156_11157,0
Line.line_san_11157_11158,0
Line.line_san_11158_11159,0
Line.line_san_11159_11179,0
Line.line_san_11160_11183,0
Line.line_san_11161_11162,0
Line.line_san_11162_11217,0
Line.line_san_11164_11165,0
Line.line_san_11164_11215,0
Line.line_san_11165_11166,0
Line.line_san_11166_11167,0
Line.line_san_11167_11168,0
Line.line_san_11168_11169,0
Line.line_san_11169_11170,0
Line.line_san_11170_11171,0
Line.line_san_11171_11172,0
Line.line_san_11172_11173,0
Line.line_san_11173_11174,0
Line.line_san_11174_11175,0
Line.line_san_11175_11176,0
Line.line_san_11176_11177,0
Line.line_san_11177_11178,0
Line.line_san_11179_11160,0
Line.line_san_11179_11180,0
Line.line_san_11180_11181,0
Line.line_san_11181_11182,0
Line.line_san_11183_11161,0
Line.line_san_11184_11004,0
Line.line_san_11185_11026,0
Line.line_san_11186_11064,0
Line.line_san_11187_11133,0
Line.line_san_11188_11189,0
Line.line_san_11189_11190,0
Line.line_san_11190_11191,0
Line.line_san_11191_11192,0
Line.line_san_11192_11193,0
Line.line_san_11193_11005,0
Line.line_san_11194_11195,0
Line.line_san_11195_11196,0
Line.line_san_11196_11198,0
Line.line_san_11197_11013,0
Line.line_san_11198_11006,0
Line.line_san_11199_11200,0
Line.line_san_11200_11201,0
Line.line_san_11201_11202,0
Line.line_san_11202_11203,0
Line.line_san_11203_11204,0
Line.line_san_11204_11205,0
Line.line_san_11205_11007,0
Line.line_san_11206_11207,0
Line.line_san_11207_11208,0
Line.line_san_11208_11009,0
Line.line_san_11209_11210,0
Line.line_san_11210_11010,0
Line.line_san_11211_11011,0
Line.line_san_11212_11197,0
Line.line_san_11213_11214,0
Line.line_san_11214_11012,0
Line.line_san_11215_11122,0
Line.line_san_11216_11153,0
Line.line_san_11217_11163,0
Line.line_san_11218_11057,0
Line.line_san_11219_11058,0
Line.line_bag_ss_ckt_bkr,1
Line.line_bag_1078_1079,0
Line.line_bag_1078_1033,0
Line.line_ban_ss_ckt_bkr,1
Line.line_ban_2148_2082,0
Line.line_ban_2148_2149,0
Line.line_dho_ss_ckt_bkr,1
Line.line_dho_3087_3138,0
Line.line_dho_3087_3240,0
Line.line_dho_3032_3033,0
Line.line_dho_3032_3096,0
Line.line_dho_3088_3041,0
Line.line_got_ss_ckt_bkr,1
Line.line_got_4001_4070,0
Line.line_got_4001_4082,0
Line.line_ich_ss_ckt_bkr,1
Line.line_im1_ss_ckt_bkr,1
Line.line_im1_6084_6067,0
Line.line_im1_6084_6085,0
Line.line_im2_ss_ckt_bkr,1
Line.line_kot_ss_ckt_bkr,1
Line.line_kot_8001_8128,0
Line.line_kot_8218_8217,0
Line.line_kot_8218_8226,0
Line.line_kot_8311_8239,0
Line.line_kot_8161_8366,0
Line.line_lub_ss_ckt_bkr,1
Line.line_lub_9130_9131,1
Line.line_lub_9180_9181,1
Line.line_lub_9233_9234,1
Line.line_lub_9233_9138,1
Line.line_new_ss_ckt_bkr,1
Line.line_new_10191_10192,0
Line.line_new_10191_10308,0
Line.line_san_ss_ckt_bkr,1
Line.line_san_11063_11024,0
Line.line_san_11063_11186,0
Line.line_san_11135_11092,0
Transformer.sub,1
Transformer.bag_1037,1
Transformer.bag_1039,1
Transformer.bag_1045,1
Transformer.bag_1055,1
Transformer.bag_1066,1
Transformer.bag_1076,1
Transformer.bag_1078,1
Transformer.bag_1085,1
Transformer.bag_1093,1
Transformer.bag_1095,1
Transformer.bag_1102,1
Transformer.bag_1113,1
Transformer.bag_1115,1
Transformer.bag_1117,1
Transformer.bag_1127,1
Transformer.bag_1130,1
Transformer.bag_1139,1
Transformer.bag_1146,1
Transformer.bag_1148,1
Transformer.bag_1156,1
Transformer.bag_1178,1
Transformer.bag_1185,1
Transformer.bag_1191,1
Transformer.bag_1209,1
Transformer.bag_1211,1
Transformer.bag_1214,1
Transformer.bag_1215,1
Transformer.bag_1216,1
Transformer.ban_2037,1
Transformer.ban_2048,1
Transformer.ban_2051,1
Transformer.ban_2056,1
Transformer.ban_2059,1
Transformer.ban_2064,1
Transformer.ban_2070,1
Transformer.ban_2081,1
Transformer.ban_2087,1
Transformer.ban_2098,1
Transformer.ban_2111,1
Transformer.ban_2121,1
Transformer.ban_2140,1
Transformer.ban_2146,1
Transformer.ban_2147,1
Transformer.ban_2152,1
Transformer.ban_2155,1
Transformer.ban_2162,1
Transformer.ban_2165,1
Transformer.ban_2166,1
Transformer.ban_2175,1
Transformer.ban_2177,1
Transformer.ban_2184,1
Transformer.ban_2185,1
Transformer.dho_3001,1
Transformer.dho_3026,1
Transformer.dho_3039,1
Transformer.dho_3045,1
Transformer.dho_3051,1
Transformer.dho_3069,1
Transformer.dho_3095,1
Transformer.dho_3097,1
Transformer.dho_3101,1
Transformer.dho_3107,1
Transformer.dho_3118,1
Transformer.dho_3119,1
Transformer.dho_3122,1
Transformer.dho_3133,1
Transformer.dho_3137,1
Transformer.dho_3151,1
Transformer.dho_3163,1
Transformer.dho_3173,1
Transformer.dho_3177,1
Transformer.dho_3182,1
Transformer.dho_3189,1
Transformer.dho_3191,1
Transformer.dho_3199,1
Transformer.got_4045,1
Transformer.got_4052,1
Transformer.got_4056,1
Transformer.got_4058,1
Transformer.got_4061,1
Transformer.got_4065,1
Transformer.got_4069,1
Transformer.got_4072,1
Transformer.got_4081,1
Transformer.got_4085,1
Transformer.got_4092,1
Transformer.got_4101,1
Transformer.got_4106,1
Transformer.got_4109,1
Transformer.got_4115,1
Transformer.got_4140,1
Transformer.got_4143,1
Transformer.got_4144,1
Transformer.got_4147,1
Transformer.ich_5028,1
Transformer.ich_5032,1
Transformer.im1_6001,1
Transformer.im1_6003,1
Transformer.im1_6005,1
Transformer.im1_6007,1
Transformer.im1_6008,1
Transformer.im1_6011,1
Transformer.im1_6018,1
Transformer.im1_6035,1
Transformer.im1_6038,1
Transformer.im1_6045,1
Transformer.im1_6051,1
Transformer.im1_6073,1
Transformer.im1_6076,1
Transformer.im1_6079,1
Transformer.im1_6082,1
Transformer.im1_6083,1
Transformer.im1_6092,1
Transformer.im1_6099,1
Transformer.im1_6104,1
Transformer.im1_6109,1
Transformer.im1_6112,1
Transformer.im1_6117,1
Transformer.im1_6120,1
Transformer.im1_6123,1
Transformer.im1_6125,1
Transformer.im1_6127,1
Transformer.im1_6129,1
Transformer.im2_7062,1
Transformer.kot_8009,1
Transformer.kot_8034,1
Transformer.kot_8038,1
Transformer.kot_8080,1
Transformer.kot_8087,1
Transformer.kot_8089,1
Transformer.kot_8097,1
Transformer.kot_8103,1
Transformer.kot_8106,1
Transformer.kot_8113,1
Transformer.kot_8116,1
Transformer.kot_8123,1
Transformer.kot_8136,1
Transformer.kot_8149,1
Transformer.kot_8152,1
Transformer.kot_8160,1
Transformer.kot_8162,1
Transformer.kot_8164,1
Transformer.kot_8182,1
Transformer.kot_8193,1
Transformer.kot_8201,1
Transformer.kot_8209,1
Transformer.kot_8223,1
Transformer.kot_8225,1
Transformer.kot_8261,1
Transformer.kot_8273,1
Transformer.kot_8274,1
Transformer.kot_8293,1
Transformer.kot_8295,1
Transformer.kot_8296,1
Transformer.kot_8306,1
Transformer.kot_8310,1
Transformer.kot_8333,1
Transformer.kot_8335,1
Transformer.kot_8344,1
Transformer.kot_8355,1
Transformer.kot_8356,1
Transformer.kot_8358,1
Transformer.kot_8359,1
Transformer.lub_9002,1
Transformer.lub_9003,1
Transformer.lub_9004,1
Transformer.lub_9005,1
Transformer.lub_9007,1
Transformer.lub_9008,1
Transformer.lub_9009,1
Transformer.lub_9011,1
Transformer.lub_9013,1
Transformer.lub_9015,1
Transformer.lub_9016,1
Transformer.lub_9017,1
Transformer.lub_9018,1
Transformer.lub_9019,1
Transformer.lub_9021,1
Transformer.lub_9022,1
Transformer.lub_9024,1
Transformer.lub_9080,1
Transformer.lub_9109,1
Transformer.lub_9137,1
Transformer.lub_9150,1
Transformer.lub_9158,1
Transformer.lub_9173,1
Transformer.lub_9179,1
Transformer.lub_9186,1
Transformer.lub_9190,1
Transformer.lub_9214,1
Transformer.lub_9232,1
Transformer.lub_9238,1
Transformer.lub_9240,1
Transformer.lub_9244,1
Transformer.lub_9248,1
Transformer.lub_9253,1
Transformer.lub_9263,1
Transformer.lub_9269,1
Transformer.lub_9270,1
Transformer.lub_9274,1
Transformer.lub_9283,1
Transformer.lub_9287,1
Transformer.lub_9288,1
Transformer.lub_9289,1
Transformer.lub_9300,1
Transformer.lub_9304,1
Transformer.lub_9306,1
Transformer.lub_9317,1
Transformer.lub_9321,1
Transformer.lub_9327,1
Transformer.lub_9328,1
Transformer.lub_9330,1
Transformer.lub_9331,1
Transformer.lub_9341,1
Transformer.lub_9343,1
Transformer.lub_9348,1
Transformer.lub_9351,1
Transformer.lub_9380,1
Transformer.lub_9384,1
Transformer.lub_9385,1
Transformer.lub_9387,1
Transformer.lub_9393,1
Transformer.lub_9498,1
Transformer.lub_9399,1
Transformer.lub_9404,1
Transformer.lub_9406,1
Transformer.lub_9407,1
Transformer.lub_9417,1
Transformer.lub_9421,1
Transformer.lub_9422,1
Transformer.lub_9423,1
Transformer.lub_9424,1
Transformer.lub_9428,1
Transformer.lub_9431,1
Transformer.lub_9433,1
Transformer.lub_9440,1
Transformer.lub_9445,1
Transformer.lub_9450,1
Transformer.lub_9452,1
Transformer.lub_9462,1
Transformer.lub_9465,1
Transformer.lub_9467,1
Transformer.lub_9473,1
Transformer.lub_9477,1
Transformer.lub_9482,1
Transformer.lub_9484,1
Transformer.lub_9487,1
Transformer.lub_9490,1
Transformer.lub_9494,1
Transformer.lub_9496,1
Transformer.lub_9497,1
Transformer.new_10103,1
Transformer.new_10113,1
Transformer.new_10126,1
Transformer.new_10136,1
Transformer.new_10139,1
Transformer.new_10140,1
Transformer.new_10142,1
Transformer.new_10147,1
Transformer.new_10166,1
Transformer.new_10178,1
Transformer.new_10183,1
Transformer.new_10190,1
Transformer.new_10197,1
Transformer.new_10223,1
Transformer.new_10224,1
Transformer.new_10229,1
Transformer.new_10237,1
Transformer.new_10240,1
Transformer.new_10241,1
Transformer.new_10249,1
Transformer.new_10250,1
Transformer.san_11002,1
Transformer.san_11003,1
Transformer.san_11022,1
Transformer.san_11026,1
Transformer.san_11041,1
Transformer.san_11047,1
Transformer.san_11049,1
Transformer.san_11054,1
Transformer.san_11062,1
Transformer.san_11185,1
Transformer.san_11103,1
Transformer.san_11110,1
Transformer.san_11112,1
Transformer.san_11118,1
Transformer.san_11121,1
Transformer.san_11123,1
Transformer.san_11131,1
Transformer.san_11152,1
Transformer.san_11163,1
Transformer.san_11171,1
Transformer.san_11178,1
Transformer.san_11182,1
Load.bag_1037,1
Load.bag_1039,1
Load.bag_1045,1
Load.bag_1055,1
Load.bag_1066,1
Load.bag_1076,1
Load.bag_1078,1
Load.bag_1085,1
Load.bag_1093,1
Load.bag_1095,1
Load.bag_1102,1
Load.bag_1113,1
Load.bag_1115,1
Load.bag_1117,1
Load.bag_1127,1
Load.bag_1130,1
Load.bag_1139,1
Load.bag_1146,1
Load.bag_1148,1
Load.bag_1156,1
Load.bag_1178,1
Load.bag_1185,1
Load.bag_1191,1
Load.bag_1209,1
Load.bag_1211,1
Load.bag_1214,1
Load.bag_1215,1
Load.bag_1216,1
Load.ban_2037,1
Load.ban_2048,1
Load.ban_2051,1
Load.ban_2056,1
Load.ban_2059,1
Load.ban_2064,1
Load.ban_2070,1
Load.ban_2081,1
Load.ban_2087,1
Load.ban_2098,1
Load.ban_2111,1
Load.ban_2121,1
Load.ban_2140,1
Load.ban_2146,1
Load.ban_2147,1
Load.ban_2152,1
Load.ban_2155,1
Load.ban_2162,1
Load.ban_2165,1
Load.ban_2166,1
Load.ban_2175,1
Load.ban_2177,1
Load.ban_2184,1
Load.ban_2185,1
Load.dho_3001,1
Load.dho_3026,1
Load.dho_3039,1
Load.dho_3045,1
Load.dho_3051,1
Load.dho_3069,1
Load.dho_3095,1
Load.dho_3097,1
Load.dho_3101,1
Load.dho_3107,1
Load.dho_3118,1
Load.dho_3119,1
Load.dho_3122,1
Load.dho_3133,1
Load.dho_3137,1
Load.dho_3151,1
Load.dho_3163,1
Load.dho_3173,1
Load.dho_3177,1
Load.dho_3182,1
Load.dho_3189,1
Load.dho_3191,1
Load.dho_3199,1
Load.got_4045,1
Load.got_4052,1
Load.got_4056,1
Load.got_4058,1
Load.got_4061,1
Load.got_4065,1
Load.got_4069,1
Load.got_4072,1
Load.got_4081,1
Load.got_4085,1
Load.got_4092,1
Load.got_4101,1
Load.got_4106,1
Load.got_4109,1
Load.got_4115,1
Load.got_4140,1
Load.got_4143,1
Load.got_4144,1
Load.got_4147,1
Load.ich_5028,1
Load.ich_5032,1
Load.im1_6001,1
Load.im1_6003,1
Load.im1_6005,1
Load.im1_6007,1
Load.im1_6008,1
Load.im1_6011,1
Load.im1_6018,1
Load.im1_6035,1
Load.im1_6038,1
Load.im1_6045,1
Load.im1_6051,1
Load.im1_6073,1
Load.im1_6076,1
Load.im1_6079,1
Load.im1_6082,1
Load.im1_6083,1
Load.im1_6092,1
Load.im1_6099,1
Load.im1_6104,1
Load.im1_6109,1
Load.im1_6112,1
Load.im1_6117,1
Load.im1_6120,1
Load.im1_6123,1
Load.im1_6125,1
Load.im1_6127,1
Load.im1_6129,1
Load.im2_7062,1
Load.kot_8009,1
Load.kot_8034,1
Load.kot_8038,1
Load.kot_8080,1
Load.kot_8087,1
Load.kot_8089,1
Load.kot_8097,1
Load.kot_8103,1
Load.kot_8106,1
Load.kot_8113,1
Load.kot_8116,1
Load.kot_8123,1
Load.kot_8136,1
Load.kot_8149,1
Load.kot_8152,1
Load.kot_8160,1
Load.kot_8162,1
Load.kot_8164,1
Load.kot_8182,1
Load.kot_8193,1
Load.kot_8201,1
Load.kot_8209,1
Load.kot_8223,1
Load.kot_8225,1
Load.kot_8261,1
Load.kot_8273,1
Load.kot_8274,1
Load.kot_8293,1
Load.kot_8295,1
Load.kot_8296,1
Load.kot_8306,1
Load.kot_8310,1
Load.kot_8333,1
Load.kot_8335,1
Load.kot_8344,1
Load.kot_8355,1
Load.kot_8356,1
Load.kot_8358,1
Load.kot_8359,1
Load.lub_9002,1
Load.lub_9003,1
Load.lub_9004,1
Load.lub_9005,1
Load.lub_9007,1
Load.lub_9008,1
Load.lub_9009,1
Load.lub_9011,1
Load.lub_9013,1
Load.lub_9015,1
Load.lub_9016,1
Load.lub_9017,1
Load.lub_9018,1
Load.lub_9019,1
Load.lub_9021,1
Load.lub_9022,1
Load.lub_9024,1
Load.lub_9080,1
Load.lub_9109,1
Load.lub_9137,1
Load.lub_9150,1
Load.lub_9158,1
Load.lub_9173,1
Load.lub_9179,1
Load.lub_9186,1
Load.lub_9190,1
Load.lub_9214,1
Load.lub_9232,1
Load.lub_9238,1
Load.lub_9240,1
Load.lub_9244,1
Load.lub_9248,1
Load.lub_9253,1
Load.lub_9263,1
Load.lub_9269,1
Load.lub_9270,1
Load.lub_9274,1
Load.lub_9283,1
Load.lub_9287,1
Load.lub_9288,1
Load.lub_9289,1
Load.lub_9300,1
Load.lub_9304,1
Load.lub_9306,1
Load.lub_9317,1
Load.lub_9321,1
Load.lub_9327,1
Load.lub_9328,1
Load.lub_9330,1
Load.lub_9331,1
Load.lub_9341,1
Load.lub_9343,1
Load.lub_9348,1
Load.lub_9351,1
Load.lub_9380,1
Load.lub_9384,1
Load.lub_9385,1
Load.lub_9387,1
Load.lub_9393,1
Load.lub_9399,1
Load.lub_9404,1
Load.lub_9406,1
Load.lub_9407,1
Load.lub_9417,1
Load.lub_9421,1
Load.lub_9422,1
Load.lub_9423,1
Load.lub_9424,1
Load.lub_9428,1
Load.lub_9431,1
Load.lub_9433,1
Load.lub_9440,1
Load.lub_9445,1
Load.lub_9450,1
Load.lub_9452,1
Load.lub_9462,1
Load.lub_9465,1
Load.lub_9467,1
Load.lub_9473,1
Load.lub_9477,1
Load.lub_9482,1
Load.lub_9484,1
Load.lub_9487,1
Load.lub_9490,1
Load.lub_9494,1
Load.lub_9496,1
Load.lub_9497,1
Load.lub_9498,1
Load.new_10103,1
Load.new_10113,1
Load.new_10126,1
Load.new_10136,1
Load.new_10139,1
Load.new_10140,1
Load.new_10142,1
Load.new_10147,1
Load.new_10166,1
Load.new_10178,1
Load.new_10183,1
Load.new_10190,1
Load.new_10197,1
Load.new_10223,1
Load.new_10224,1
Load.new_10229,1
Load.new_10237,1
Load.new_10240,1
Load.new_10241,1
Load.new_10249,1
Load.new_10250,1
Load.san_11002,1
Load.san_11003,1
Load.san_11022,1
Load.san_11026,1
Load.san_11041,1
Load.san_11047,1
Load.san_11049,1
Load.san_11054,1
Load.san_11062,1
Load.san_11185,1
Load.san_11103,1
Load.san_11110,1
Load.san_11112,1
Load.san_11118,1
Load.san_11121,1
Load.san_11123,1
Load.san_11131,1
Load.san_11152,1
Load.san_11163,1
Load.san_11171,1
Load.san_11178,1
Load.san_11182,1
Vsource.source,1
