Failed Element,Time of Fault,Failure Detected by CM,Time of Repair,Breaker selected,Breaker Status,Would not have failed
Line.line_dho_3128_3127,0,0,10,Line.line_dho_ss_ckt_bkr,1,0
Line.line_got_4179_4178,0,0,4,Line.line_got_ss_ckt_bkr,1,0
Line.line_ich_5004_5043,0,0,5,Line.line_ich_ss_ckt_bkr,1,0
Line.line_ich_5029_5077,0,0,10,Line.line_ich_ss_ckt_bkr,1,0
Line.line_ich_5082_5083,0,0,12,Line.line_ich_ss_ckt_bkr,1,0
Line.line_new_10169_10170,0,0,10,Line.line_new_ss_ckt_bkr,1,0
Line.line_san_11132_11187,0,0,8,Line.line_san_ss_ckt_bkr,1,0
Line.line_lub_9510_9435,1,0,9,Line.line_lub_9130_9131,1,0
Line.line_ban_2211_2005,2,0,10,Line.line_ban_ss_ckt_bkr,1,0
Line.line_ban_2233_2234,2,0,10,Line.line_ban_ss_ckt_bkr,1,0
Line.line_ban_2235_2018,2,0,9,Line.line_ban_ss_ckt_bkr,1,0
Line.line_lub_9534_9533,2,0,11,Line.line_lub_ss_ckt_bkr,1,0
Line.line_lub_9547_9548,2,0,13,Line.line_lub_ss_ckt_bkr,1,0
Line.line_bag_1019_1271,4,0,11,Line.line_bag_ss_ckt_bkr,1,0
Line.line_kot_8236_8237,6,0,11,Line.line_kot_ss_ckt_bkr,1,0
Line.line_im2_7065_7060,8,0,11,Line.line_im2_ss_ckt_bkr,1,0
Line.line_lub_9154_9155,8,0,14,Line.line_lub_9233_9138,1,0
Line.line_san_11160_11183,10,0,16,Line.line_san_ss_ckt_bkr,1,0
Line.line_new_10224_10225,12,0,16,Line.line_new_ss_ckt_bkr,1,0
Line.line_dho_3221_3222,13,0,21,Line.line_dho_ss_ckt_bkr,1,0
Line.line_dho_3223_3224,13,0,22,Line.line_dho_ss_ckt_bkr,1,0
Line.line_bag_1009_1255,14,0,16,Line.line_bag_ss_ckt_bkr,1,0
Line.line_bag_1084_1085,14,0,14,Line.line_bag_ss_ckt_bkr,1,0
Line.line_im2_7082_7035,14,0,14,Line.line_im2_ss_ckt_bkr,1,0
Line.line_got_4179_4178,15,0,27,Line.line_got_ss_ckt_bkr,1,0
Line.line_ich_5071_5017,15,0,20,Line.line_ich_ss_ckt_bkr,1,0
Line.line_im1_6033_6034,15,0,21,Line.line_im1_ss_ckt_bkr,1,0
Line.line_lub_9495_9505,15,0,21,Line.line_lub_ss_ckt_bkr,1,0
Line.line_lub_9507_9307,15,0,26,Line.line_lub_ss_ckt_bkr,1,0
Line.line_im2_7061_7063,17,0,19,Line.line_im2_ss_ckt_bkr,1,0
Line.line_ban_2018_2236,19,0,60,Line.line_ban_ss_ckt_bkr,1,0
Line.line_ban_2219_2008,19,0,58,Line.line_ban_ss_ckt_bkr,1,0
Line.line_kot_8375_8059,19,0,55,Line.line_kot_ss_ckt_bkr,1,0
Line.line_bag_1272_1019,20,0,56,Line.line_bag_ss_ckt_bkr,1,0
Line.line_new_10004_10270,22,0,58,Line.line_new_ss_ckt_bkr,1,0
Line.line_ich_5075_5076,23,0,55,Line.line_ich_ss_ckt_bkr,1,0
Line.line_im2_7061_7063,24,0,61,Line.line_im2_ss_ckt_bkr,1,0
Line.line_san_11132_11187,25,0,63,Line.line_san_ss_ckt_bkr,1,0
Line.line_dho_3204_3205,28,0,60,Line.line_dho_ss_ckt_bkr,1,0
Line.line_lub_9307_9308,29,0,56,Line.line_lub_ss_ckt_bkr,1,0
Line.line_lub_9012_9500,32,0,64,Line.line_lub_9233_9138,1,0
Line.line_im1_6034_6035,35,0,62,Line.line_im1_ss_ckt_bkr,1,0
Line.line_got_4150_4151,36,0,61,Line.line_got_ss_ckt_bkr,1,0
Line.line_kot_8377_8378,57,0,69,Line.line_kot_ss_ckt_bkr,1,0
Line.line_bag_1002_1224,58,0,65,Line.line_bag_ss_ckt_bkr,1,0
Line.line_ich_5036_5002,59,0,62,Line.line_ich_ss_ckt_bkr,1,0
Line.line_lub_9075_9517,60,0,63,Line.line_lub_ss_ckt_bkr,1,0
Line.line_lub_9407_9546,60,0,66,Line.line_lub_ss_ckt_bkr,1,0
Line.line_lub_9506_9495,60,0,64,Line.line_lub_ss_ckt_bkr,1,0
Line.line_new_10288_10057,60,0,60,Line.line_new_ss_ckt_bkr,1,0
Line.line_ban_2234_2235,62,0,65,Line.line_ban_ss_ckt_bkr,1,0
Line.line_dho_3206_3207,62,0,65,Line.line_dho_ss_ckt_bkr,1,0
Line.line_lub_9291_9292,63,0,66,Line.line_lub_9130_9131,1,0
Line.line_got_4185_4008,64,0,72,Line.line_got_ss_ckt_bkr,1,0
Line.line_ich_5074_5073,64,0,71,Line.line_ich_ss_ckt_bkr,1,0
Line.line_ich_5076_5029,64,0,71,Line.line_ich_ss_ckt_bkr,1,0
Line.line_san_11160_11183,65,0,68,Line.line_san_ss_ckt_bkr,1,0
Line.line_bag_1007_1229,67,0,79,Line.line_bag_ss_ckt_bkr,1,0
Line.line_im2_7065_7060,68,0,84,Line.line_im2_ss_ckt_bkr,1,0
Line.line_lub_9533_9532,68,0,82,Line.line_lub_ss_ckt_bkr,1,0
Line.line_ban_2233_2234,69,0,77,Line.line_ban_ss_ckt_bkr,1,0
Line.line_new_10073_10301,70,0,82,Line.line_new_ss_ckt_bkr,1,0
Line.line_san_11039_11040,70,0,79,Line.line_san_ss_ckt_bkr,1,0
Line.line_dho_3221_3222,71,0,76,Line.line_dho_ss_ckt_bkr,1,0
Line.line_kot_8068_8088,71,0,83,Line.line_kot_ss_ckt_bkr,1,0
Line.line_ich_5029_5077,75,0,82,Line.line_ich_ss_ckt_bkr,1,0
Line.line_im1_6070_6071,75,0,80,Line.line_im1_ss_ckt_bkr,1,0
Line.line_lub_9434_9509,75,0,83,Line.line_lub_9130_9131,1,0
Line.line_dho_3213_3214,78,0,81,Line.line_dho_ss_ckt_bkr,1,0
Line.line_got_4179_4178,79,0,85,Line.line_got_ss_ckt_bkr,1,0
Line.line_dho_3195_3196,83,0,92,Line.line_dho_ss_ckt_bkr,1,0
Line.line_lub_9495_9505,84,0,87,Line.line_lub_ss_ckt_bkr,1,0
Line.line_san_11161_11162,84,0,87,Line.line_san_ss_ckt_bkr,1,0
Line.line_bag_1006_1230,85,0,85,Line.line_bag_ss_ckt_bkr,1,0
Line.line_bag_1236_1004,85,0,85,Line.line_bag_ss_ckt_bkr,1,0
Line.line_ban_2206_2207,85,0,89,Line.line_ban_ss_ckt_bkr,1,0
Line.line_im2_7069_7057,87,0,91,Line.line_im2_ss_ckt_bkr,1,0
Line.line_bag_1207_1313,88,0,90,Line.line_bag_ss_ckt_bkr,1,0
Line.line_ich_5074_5073,88,0,96,Line.line_ich_ss_ckt_bkr,1,0
Line.line_lub_9523_9068,90,0,96,Line.line_lub_ss_ckt_bkr,1,0
Line.line_bag_1163_1164,92,0,106,Line.line_bag_ss_ckt_bkr,1,0
Line.line_ban_2235_2018,92,0,104,Line.line_ban_ss_ckt_bkr,1,0
Line.line_got_4103_4190,93,0,106,Line.line_got_ss_ckt_bkr,1,0
Line.line_dho_3224_3225,94,0,108,Line.line_dho_ss_ckt_bkr,1,0
Line.line_new_10304_10079,94,0,108,Line.line_new_ss_ckt_bkr,1,0
Line.line_san_11160_11183,94,0,115,Line.line_san_ss_ckt_bkr,1,0
Line.line_lub_9540_9049,98,0,103,Line.line_lub_ss_ckt_bkr,1,0
Line.line_ich_5039_5003,99,0,102,Line.line_ich_ss_ckt_bkr,1,0
Line.line_im2_7082_7035,99,0,101,Line.line_im2_ss_ckt_bkr,1,0
Line.line_ich_5029_5077,104,0,110,Line.line_ich_ss_ckt_bkr,1,0
Line.line_im1_6133_6134,105,0,110,Line.line_im1_ss_ckt_bkr,1,0
Line.line_lub_9495_9505,105,0,111,Line.line_lub_ss_ckt_bkr,1,0
Line.line_im2_7033_7034,107,0,109,Line.line_im2_ss_ckt_bkr,1,0
Line.line_im2_7088_7024,107,0,110,Line.line_im2_ss_ckt_bkr,1,0
Line.line_ban_2212_2213,108,0,113,Line.line_ban_ss_ckt_bkr,1,0
Line.line_kot_8152_8153,109,0,116,Line.line_kot_ss_ckt_bkr,1,0
Line.line_bag_1144_1145,110,0,114,Line.line_bag_ss_ckt_bkr,1,0
Line.line_dho_3223_3224,111,0,114,Line.line_dho_ss_ckt_bkr,1,0
Line.line_ich_5076_5029,112,0,118,Line.line_ich_ss_ckt_bkr,1,0
Line.line_lub_9407_9545,113,0,120,Line.line_lub_ss_ckt_bkr,1,0
Line.line_new_10271_10008,113,0,120,Line.line_new_ss_ckt_bkr,1,0
Line.line_im1_6074_6124,115,0,130,Line.line_im1_ss_ckt_bkr,1,0
Line.line_got_4179_4178,116,0,127,Line.line_got_ss_ckt_bkr,1,0
Line.line_lub_9510_9435,116,0,131,Line.line_lub_9130_9131,1,0
Line.line_bag_1066_1305,117,0,133,Line.line_bag_ss_ckt_bkr,1,0
Line.line_ban_2204_2205,118,0,132,Line.line_ban_ss_ckt_bkr,1,0
Line.line_ban_2232_2017,118,0,136,Line.line_ban_ss_ckt_bkr,1,0
Line.line_dho_3223_3224,118,0,128,Line.line_dho_ss_ckt_bkr,1,0
Line.line_san_11218_11057,118,0,134,Line.line_san_ss_ckt_bkr,1,0
Line.line_im2_7028_7084,119,0,134,Line.line_im2_ss_ckt_bkr,1,0
Line.line_ich_5057_5058,121,0,130,Line.line_ich_ss_ckt_bkr,1,0
Line.line_kot_8361_8360,121,0,131,Line.line_kot_ss_ckt_bkr,1,0
Line.line_lub_9117_9118,123,0,131,Line.line_lub_ss_ckt_bkr,1,0
Line.line_dho_3171_3172,130,0,131,Line.line_dho_ss_ckt_bkr,1,0
Line.line_got_4189_4102,130,0,133,Line.line_got_ss_ckt_bkr,1,0
Line.line_lub_9012_9142,132,0,137,Line.line_lub_9233_9138,1,0
Line.line_lub_9507_9307,133,0,137,Line.line_lub_ss_ckt_bkr,1,0
Line.line_dho_3221_3222,134,0,140,Line.line_dho_ss_ckt_bkr,1,0
Line.line_bag_1311_1312,135,0,139,Line.line_bag_ss_ckt_bkr,1,0
Line.line_im1_6135_6136,137,0,143,Line.line_im1_ss_ckt_bkr,1,0
Line.line_ich_5017_5075,138,0,144,Line.line_ich_ss_ckt_bkr,1,0
Line.line_ich_5029_5077,138,0,144,Line.line_ich_ss_ckt_bkr,1,0
Line.line_im2_7034_7082,138,0,143,Line.line_im2_ss_ckt_bkr,1,0
Line.line_san_11073_11074,139,0,154,Line.line_san_ss_ckt_bkr,1,0
Line.line_san_11204_11205,139,0,155,Line.line_san_ss_ckt_bkr,1,0
Line.line_lub_9537_9536,140,0,155,Line.line_lub_ss_ckt_bkr,1,0
Line.line_new_10304_10079,141,0,155,Line.line_new_ss_ckt_bkr,1,0
Line.line_bag_1019_1271,142,0,150,Line.line_bag_ss_ckt_bkr,1,0
Line.line_got_4179_4178,143,0,155,Line.line_got_ss_ckt_bkr,1,0
Line.line_lub_9012_9500,143,0,151,Line.line_lub_9233_9138,1,0
Line.line_ban_2235_2018,144,0,153,Line.line_ban_ss_ckt_bkr,1,0
Line.line_dho_3222_3223,144,0,151,Line.line_dho_ss_ckt_bkr,1,0
Line.line_kot_8361_8360,144,0,153,Line.line_kot_ss_ckt_bkr,1,0
Line.line_im2_7101_7003,148,0,151,Line.line_im2_ss_ckt_bkr,1,0
Line.line_ich_5040_5041,152,0,156,Line.line_ich_ss_ckt_bkr,1,0
Line.line_dho_3165_3166,153,0,159,Line.line_dho_ss_ckt_bkr,1,0
Line.line_bag_1127_1128,157,0,163,Line.line_bag_ss_ckt_bkr,1,0
Line.line_bag_1233_1235,157,0,163,Line.line_bag_ss_ckt_bkr,1,0
Line.line_ban_2209_2210,157,0,160,Line.line_ban_ss_ckt_bkr,1,0
Line.line_ban_2223_2009,157,0,161,Line.line_ban_ss_ckt_bkr,1,0
Line.line_im2_7065_7060,157,0,157,Line.line_im2_ss_ckt_bkr,1,0
Line.line_lub_9495_9505,157,0,161,Line.line_lub_ss_ckt_bkr,1,0
Line.line_ich_5029_5077,158,0,161,Line.line_ich_ss_ckt_bkr,1,0
Line.line_kot_8040_8039,158,0,158,Line.line_kot_ss_ckt_bkr,1,0
Line.line_new_10124_10125,158,0,158,Line.line_new_ss_ckt_bkr,1,0
Line.line_im2_7029_7083,159,0,169,Line.line_im2_ss_ckt_bkr,1,0
Line.line_im2_7034_7082,159,0,163,Line.line_im2_ss_ckt_bkr,1,0
Line.line_new_10001_10255,160,0,169,Line.line_new_ss_ckt_bkr,1,0
Line.line_san_11011_11213,160,0,168,Line.line_san_ss_ckt_bkr,1,0
Line.line_dho_3213_3214,161,0,165,Line.line_dho_ss_ckt_bkr,1,0
Line.line_kot_8382_8077,163,0,179,Line.line_kot_ss_ckt_bkr,1,0
Line.line_bag_1007_1229,165,0,180,Line.line_bag_ss_ckt_bkr,1,0
Line.line_ban_2233_2234,165,0,178,Line.line_ban_ss_ckt_bkr,1,0
Line.line_im1_6151_6150,166,0,175,Line.line_im1_ss_ckt_bkr,1,0
Line.line_lub_9533_9532,166,0,177,Line.line_lub_ss_ckt_bkr,1,0
Line.line_lub_9556_9034,166,0,174,Line.line_lub_ss_ckt_bkr,1,0
Line.line_ich_5029_5077,167,0,174,Line.line_ich_ss_ckt_bkr,1,0
Line.line_ich_5075_5076,167,0,176,Line.line_ich_ss_ckt_bkr,1,0
Line.line_got_4103_4190,170,0,175,Line.line_got_ss_ckt_bkr,1,0
Line.line_new_10243_10244,171,0,177,Line.line_new_ss_ckt_bkr,1,0
Line.line_new_10310_10309,171,0,181,Line.line_new_ss_ckt_bkr,1,0
Line.line_dho_3171_3172,172,0,175,Line.line_dho_ss_ckt_bkr,1,0
Line.line_im2_7022_7023,174,0,176,Line.line_im2_ss_ckt_bkr,1,0
Line.line_san_11085_11086,175,0,175,Line.line_san_ss_ckt_bkr,1,0
Line.line_san_11214_11012,175,0,180,Line.line_san_ss_ckt_bkr,1,0
Line.line_dho_3014_3015,177,0,183,Line.line_dho_ss_ckt_bkr,1,0
Line.line_got_4179_4178,178,0,179,Line.line_got_ss_ckt_bkr,1,0
Line.line_im2_7033_7034,178,0,181,Line.line_im2_ss_ckt_bkr,1,0
Line.line_lub_9259_9260,178,0,182,Line.line_lub_9130_9131,1,0
Line.line_lub_9495_9505,179,0,183,Line.line_lub_ss_ckt_bkr,1,0
Line.line_ban_2211_2005,180,0,186,Line.line_ban_ss_ckt_bkr,1,0
Line.line_ich_5047_5048,180,0,185,Line.line_ich_ss_ckt_bkr,1,0
Line.line_kot_8278_8279,181,0,187,Line.line_kot_ss_ckt_bkr,1,0
Line.line_san_11192_11193,182,0,182,Line.line_san_ss_ckt_bkr,1,0
Line.line_bag_1019_1271,183,0,184,Line.line_bag_ss_ckt_bkr,1,0
Line.line_got_4179_4178,183,0,188,Line.line_got_ss_ckt_bkr,1,0
Line.line_new_10300_10072,184,0,187,Line.line_new_ss_ckt_bkr,1,0
Line.line_lub_9506_9495,186,0,191,Line.line_lub_ss_ckt_bkr,1,0
Line.line_bag_1019_1271,188,0,226,Line.line_bag_ss_ckt_bkr,1,0
Line.line_ich_5074_5073,188,0,223,Line.line_ich_ss_ckt_bkr,1,0
Line.line_im1_6145_6144,188,0,228,Line.line_im1_ss_ckt_bkr,1,0
Line.line_im2_7044_7077,188,0,226,Line.line_im2_ss_ckt_bkr,1,0
Line.line_ban_2234_2235,189,0,225,Line.line_ban_ss_ckt_bkr,1,0
Line.line_new_10234_10235,190,0,226,Line.line_new_ss_ckt_bkr,1,0
Line.line_san_11215_11122,190,0,223,Line.line_san_ss_ckt_bkr,1,0
Line.line_kot_8059_8376,193,0,219,Line.line_kot_ss_ckt_bkr,1,0
Line.line_dho_3172_3242,194,0,224,Line.line_dho_ss_ckt_bkr,1,0
Line.line_got_4179_4178,195,0,220,Line.line_got_ss_ckt_bkr,1,0
Line.line_lub_9495_9478,195,0,225,Line.line_lub_ss_ckt_bkr,1,0
Line.line_lub_9471_9472,203,0,229,Line.line_lub_9130_9131,1,0
Line.line_lub_9215_9216,215,0,231,Line.line_lub_9180_9181,1,0
Line.line_kot_8300_8301,222,0,225,Line.line_kot_ss_ckt_bkr,1,0
Line.line_ich_5065_5014,225,0,228,Line.line_ich_ss_ckt_bkr,1,0
Line.line_dho_3224_3225,226,0,226,Line.line_dho_ss_ckt_bkr,1,0
Line.line_ban_2206_2207,227,0,233,Line.line_ban_ss_ckt_bkr,1,0
Line.line_im2_7054_7071,228,0,233,Line.line_im2_ss_ckt_bkr,1,0
Line.line_lub_9075_9517,228,0,240,Line.line_lub_ss_ckt_bkr,1,0
Line.line_lub_9495_9505,228,0,230,Line.line_lub_ss_ckt_bkr,1,0
Line.line_got_4169_4170,230,0,236,Line.line_got_ss_ckt_bkr,1,0
Line.line_san_11192_11193,230,0,235,Line.line_san_ss_ckt_bkr,1,0
Line.line_ich_5029_5077,231,0,236,Line.line_ich_ss_ckt_bkr,1,0
Line.line_new_10288_10057,231,0,237,Line.line_new_ss_ckt_bkr,1,0
Line.line_im1_6028_6029,232,0,236,Line.line_im1_ss_ckt_bkr,1,0
Line.line_kot_8102_8103,232,0,236,Line.line_kot_ss_ckt_bkr,1,0
Line.line_dho_3013_3220,233,0,242,Line.line_dho_ss_ckt_bkr,1,0
Line.line_bag_1026_1027,234,0,236,Line.line_bag_ss_ckt_bkr,1,0
Line.line_san_11204_11205,237,0,278,Line.line_san_ss_ckt_bkr,1,0
Line.line_ban_2017_2233,238,0,275,Line.line_ban_ss_ckt_bkr,1,0
Line.line_kot_8373_8374,239,0,271,Line.line_kot_ss_ckt_bkr,1,0
Line.line_bag_1007_1229,240,0,277,Line.line_bag_ss_ckt_bkr,1,0
Line.line_ich_5019_5020,241,0,273,Line.line_ich_ss_ckt_bkr,1,0
Line.line_lub_9506_9495,242,0,277,Line.line_lub_ss_ckt_bkr,1,0
Line.line_lub_9518_9075,242,0,278,Line.line_lub_ss_ckt_bkr,1,0
Line.line_new_10049_10275,244,0,271,Line.line_new_ss_ckt_bkr,1,0
Line.line_new_10304_10079,244,0,274,Line.line_new_ss_ckt_bkr,1,0
Line.line_dho_3220_3221,247,0,277,Line.line_dho_ss_ckt_bkr,1,0
Line.line_im2_7028_7084,250,0,274,Line.line_im2_ss_ckt_bkr,1,0
Line.line_got_4005_4162,254,0,277,Line.line_got_ss_ckt_bkr,1,0
Line.line_got_4178_4012,254,0,275,Line.line_got_ss_ckt_bkr,1,0
Line.line_im1_6068_6069,264,0,273,Line.line_im1_ss_ckt_bkr,1,0
Line.line_lub_9510_9435,266,0,274,Line.line_lub_9130_9131,1,0
Line.line_bag_1066_1305,279,0,284,Line.line_bag_ss_ckt_bkr,1,0
Line.line_bag_1228_1003,279,0,283,Line.line_bag_ss_ckt_bkr,1,0
Line.line_ban_2235_2018,279,0,284,Line.line_ban_ss_ckt_bkr,1,0
Line.line_new_10237_10238,279,0,287,Line.line_new_ss_ckt_bkr,1,0
Line.line_got_4179_4178,280,0,283,Line.line_got_ss_ckt_bkr,1,0
Line.line_lub_9534_9533,280,0,288,Line.line_lub_ss_ckt_bkr,1,0
Line.line_san_11132_11187,280,0,282,Line.line_san_ss_ckt_bkr,1,0
Line.line_kot_8361_8360,282,0,283,Line.line_kot_ss_ckt_bkr,1,0
Line.line_ich_5029_5077,283,0,297,Line.line_ich_ss_ckt_bkr,1,0
Line.line_dho_3148_3149,285,0,294,Line.line_dho_ss_ckt_bkr,1,0
Line.line_lub_9012_9500,285,0,307,Line.line_lub_9233_9138,1,0
Line.line_im1_6113_6114,286,0,303,Line.line_im1_ss_ckt_bkr,1,0
Line.line_san_11132_11187,286,0,295,Line.line_san_ss_ckt_bkr,1,0
Line.line_bag_1055_1274,287,0,301,Line.line_bag_ss_ckt_bkr,1,0
Line.line_kot_8382_8077,288,0,299,Line.line_kot_ss_ckt_bkr,1,0
Line.line_ban_2142_2143,289,0,300,Line.line_ban_ss_ckt_bkr,1,0
Line.line_got_4179_4178,289,0,298,Line.line_got_ss_ckt_bkr,1,0
Line.line_im2_7061_7063,291,0,300,Line.line_im2_ss_ckt_bkr,1,0
Line.line_im2_7088_7024,291,0,303,Line.line_im2_ss_ckt_bkr,1,0
Line.line_lub_9495_9505,291,0,299,Line.line_lub_ss_ckt_bkr,1,0
Line.line_new_10253_10254,293,0,297,Line.line_new_ss_ckt_bkr,1,0
Line.line_new_10265_10266,293,0,298,Line.line_new_ss_ckt_bkr,1,0
Line.line_dho_3224_3225,298,0,304,Line.line_dho_ss_ckt_bkr,1,0
Line.line_san_11112_11111,298,0,305,Line.line_san_ss_ckt_bkr,1,0
Line.line_got_4103_4190,300,0,309,Line.line_got_ss_ckt_bkr,1,0
Line.line_got_4168_4021,300,0,307,Line.line_got_ss_ckt_bkr,1,0
Line.line_ich_5070_5071,301,0,301,Line.line_ich_ss_ckt_bkr,1,0
Line.line_lub_9533_9532,301,0,305,Line.line_lub_ss_ckt_bkr,1,0
Line.line_ban_2233_2234,302,0,308,Line.line_ban_ss_ckt_bkr,1,0
Line.line_bag_1285_1014,304,0,306,Line.line_bag_ss_ckt_bkr,1,0
Line.line_ich_5076_5029,305,0,312,Line.line_ich_ss_ckt_bkr,1,0
Line.line_new_10037_10281,305,0,305,Line.line_new_ss_ckt_bkr,1,0
Line.line_kot_8181_8182,307,0,351,Line.line_kot_ss_ckt_bkr,1,0
Line.line_lub_9536_9052,308,0,346,Line.line_lub_ss_ckt_bkr,1,0
Line.line_lub_9537_9536,308,0,342,Line.line_lub_ss_ckt_bkr,1,0
Line.line_new_10037_10281,308,0,342,Line.line_new_ss_ckt_bkr,1,0
Line.line_san_11200_11201,308,0,348,Line.line_san_ss_ckt_bkr,1,0
Line.line_im2_7082_7035,312,0,341,Line.line_im2_ss_ckt_bkr,1,0
Line.line_dho_3239_3072,313,0,347,Line.line_dho_ss_ckt_bkr,1,0
Line.line_ich_5078_5079,316,0,341,Line.line_ich_ss_ckt_bkr,1,0
Line.line_bag_1236_1004,317,0,347,Line.line_bag_ss_ckt_bkr,1,0
Line.line_got_4179_4178,318,0,348,Line.line_got_ss_ckt_bkr,1,0
Line.line_ban_2206_2207,320,0,344,Line.line_ban_ss_ckt_bkr,1,0
Line.line_im1_6135_6136,325,0,346,Line.line_im1_ss_ckt_bkr,1,0
Line.line_im2_7065_7060,344,0,344,Line.line_im2_ss_ckt_bkr,1,0
Line.line_ich_5064_5065,345,0,351,Line.line_ich_ss_ckt_bkr,1,0
Line.line_im2_7065_7060,345,0,356,Line.line_im2_ss_ckt_bkr,1,0
Line.line_ban_2232_2017,347,0,349,Line.line_ban_ss_ckt_bkr,1,0
Line.line_new_10310_10309,348,0,351,Line.line_new_ss_ckt_bkr,1,0
Line.line_bag_1169_1311,350,0,359,Line.line_bag_ss_ckt_bkr,1,0
Line.line_lub_9407_9546,350,0,351,Line.line_lub_ss_ckt_bkr,1,0
Line.line_lub_9534_9533,350,0,351,Line.line_lub_ss_ckt_bkr,1,0
Line.line_dho_3222_3223,351,0,359,Line.line_dho_ss_ckt_bkr,1,0
Line.line_ban_2223_2009,352,0,358,Line.line_ban_ss_ckt_bkr,1,0
Line.line_san_11100_11101,352,0,358,Line.line_san_ss_ckt_bkr,1,0
Line.line_ich_5029_5077,354,0,361,Line.line_ich_ss_ckt_bkr,1,0
Line.line_ich_5075_5076,354,0,354,Line.line_ich_ss_ckt_bkr,1,0
Line.line_lub_9495_9505,355,0,392,Line.line_lub_ss_ckt_bkr,1,0
Line.line_lub_9507_9307,355,0,397,Line.line_lub_ss_ckt_bkr,1,0
Line.line_new_10288_10057,355,0,391,Line.line_new_ss_ckt_bkr,1,0
Line.line_got_4183_4185,356,0,391,Line.line_got_ss_ckt_bkr,1,0
Line.line_im1_6050_6051,357,0,397,Line.line_im1_ss_ckt_bkr,1,0
Line.line_ban_2064_2065,360,0,397,Line.line_ban_ss_ckt_bkr,1,0
Line.line_dho_3213_3214,362,0,395,Line.line_dho_ss_ckt_bkr,1,0
Line.line_san_11132_11187,362,0,393,Line.line_san_ss_ckt_bkr,1,0
Line.line_ich_5070_5071,367,0,391,Line.line_ich_ss_ckt_bkr,1,0
Line.line_im2_7033_7034,368,0,393,Line.line_im2_ss_ckt_bkr,1,0
Line.line_kot_8267_8268,370,0,396,Line.line_kot_ss_ckt_bkr,1,0
Line.line_bag_1041_1042,372,0,397,Line.line_bag_ss_ckt_bkr,1,0
Line.line_lub_9510_9435,375,0,396,Line.line_lub_9130_9131,1,0
Line.line_lub_9215_9189,392,0,401,Line.line_lub_9180_9181,1,0
Line.line_ich_5004_5043,393,0,399,Line.line_ich_ss_ckt_bkr,1,0
Line.line_got_4189_4102,394,0,403,Line.line_got_ss_ckt_bkr,1,0
Line.line_lub_9171_9172,394,0,399,Line.line_lub_9233_9138,1,0
Line.line_im2_7034_7082,395,0,395,Line.line_im2_ss_ckt_bkr,1,0
Line.line_san_11194_11195,397,0,404,Line.line_san_ss_ckt_bkr,1,0
Line.line_bag_1019_1271,399,0,402,Line.line_bag_ss_ckt_bkr,1,0
Line.line_bag_1131_1310,399,0,403,Line.line_bag_ss_ckt_bkr,1,0
Line.line_kot_8059_8376,399,0,404,Line.line_kot_ss_ckt_bkr,1,0
Line.line_ban_2014_2229,400,0,404,Line.line_ban_ss_ckt_bkr,1,0
Line.line_ich_5010_5057,402,0,411,Line.line_ich_ss_ckt_bkr,1,0
Line.line_ich_5029_5077,402,0,404,Line.line_ich_ss_ckt_bkr,1,0
Line.line_dho_3223_3224,403,0,419,Line.line_dho_ss_ckt_bkr,1,0
Line.line_new_10310_10309,403,0,418,Line.line_new_ss_ckt_bkr,1,0
Line.line_lub_9425_9501,405,0,418,Line.line_lub_9130_9131,1,0
Line.line_ban_2018_2236,406,0,414,Line.line_ban_ss_ckt_bkr,1,0
Line.line_kot_8382_8077,406,0,419,Line.line_kot_ss_ckt_bkr,1,0
Line.line_bag_1019_1271,408,0,417,Line.line_bag_ss_ckt_bkr,1,0
Line.line_got_4119_4120,408,0,421,Line.line_got_ss_ckt_bkr,1,0
Line.line_lub_9407_9546,408,0,422,Line.line_lub_ss_ckt_bkr,1,0
Line.line_san_11160_11183,410,0,418,Line.line_san_ss_ckt_bkr,1,0
Line.line_ich_5029_5077,415,0,419,Line.line_ich_ss_ckt_bkr,1,0
Line.line_ban_2233_2234,418,0,430,Line.line_ban_ss_ckt_bkr,1,0
Line.line_bag_1272_1019,419,0,422,Line.line_bag_ss_ckt_bkr,1,0
Line.line_lub_9222_9223,419,0,425,Line.line_lub_9180_9181,1,0
Line.line_new_10060_10061,420,0,422,Line.line_new_ss_ckt_bkr,1,0
Line.line_kot_8124_8125,422,0,426,Line.line_kot_ss_ckt_bkr,1,0
Line.line_san_11057_11219,423,0,430,Line.line_san_ss_ckt_bkr,1,0
Line.line_lub_9534_9533,424,0,426,Line.line_lub_ss_ckt_bkr,1,0
Line.line_new_10297_10065,424,0,427,Line.line_new_ss_ckt_bkr,1,0
Line.line_dho_3069_3070,425,0,428,Line.line_dho_ss_ckt_bkr,1,0
Line.line_bag_1055_1274,426,0,433,Line.line_bag_ss_ckt_bkr,1,0
Line.line_ich_5071_5017,427,0,441,Line.line_ich_ss_ckt_bkr,1,0
Line.line_im2_7033_7034,427,0,445,Line.line_im2_ss_ckt_bkr,1,0
Line.line_lub_9533_9532,428,0,437,Line.line_lub_ss_ckt_bkr,1,0
Line.line_im1_6150_6149,430,0,443,Line.line_im1_ss_ckt_bkr,1,0
Line.line_ban_2093_2094,433,0,442,Line.line_ban_ss_ckt_bkr,1,0
Line.line_kot_8028_8367,433,0,442,Line.line_kot_ss_ckt_bkr,1,0
Line.line_new_10001_10255,435,0,440,Line.line_new_ss_ckt_bkr,1,0
Line.line_dho_3222_3223,436,0,441,Line.line_dho_ss_ckt_bkr,1,0
Line.line_san_11087_11088,436,0,440,Line.line_san_ss_ckt_bkr,1,0
Line.line_bag_1013_1284,440,0,453,Line.line_bag_ss_ckt_bkr,1,0
Line.line_bag_1019_1271,440,0,442,Line.line_bag_ss_ckt_bkr,1,0
Line.line_got_4179_4178,440,0,448,Line.line_got_ss_ckt_bkr,1,0
Line.line_lub_9281_9282,440,0,451,Line.line_lub_9130_9131,1,0
Line.line_lub_9063_9527,441,0,450,Line.line_lub_ss_ckt_bkr,1,0
Line.line_lub_9075_9517,441,0,443,Line.line_lub_ss_ckt_bkr,1,0
Line.line_new_10002_10260,442,0,447,Line.line_new_ss_ckt_bkr,1,0
Line.line_new_10255_10256,442,0,443,Line.line_new_ss_ckt_bkr,1,0
Line.line_ich_5029_5077,444,0,447,Line.line_ich_ss_ckt_bkr,1,0
Line.line_kot_8162_8163,444,0,448,Line.line_kot_ss_ckt_bkr,1,0
Line.line_ban_2212_2213,445,0,448,Line.line_ban_ss_ckt_bkr,1,0
Line.line_dho_3159_3160,446,0,452,Line.line_dho_ss_ckt_bkr,1,0
Line.line_im1_6145_6144,448,0,450,Line.line_im1_ss_ckt_bkr,1,0
Line.line_im2_7065_7060,448,0,448,Line.line_im2_ss_ckt_bkr,1,0
Line.line_ich_5074_5073,449,0,453,Line.line_ich_ss_ckt_bkr,1,0
Line.line_lub_9012_9500,449,0,456,Line.line_lub_9233_9138,1,0
Line.line_san_11160_11183,449,0,449,Line.line_san_ss_ckt_bkr,1,0
Line.line_kot_8151_8152,450,0,458,Line.line_kot_ss_ckt_bkr,1,0
Line.line_ban_2018_2236,451,0,468,Line.line_ban_ss_ckt_bkr,1,0
Line.line_ban_2121_2243,451,0,471,Line.line_ban_ss_ckt_bkr,1,0
Line.line_san_11057_11219,453,0,465,Line.line_san_ss_ckt_bkr,1,0
Line.line_san_11214_11012,453,0,463,Line.line_san_ss_ckt_bkr,1,0
Line.line_new_10037_10281,454,0,464,Line.line_new_ss_ckt_bkr,1,0
Line.line_dho_3013_3220,455,0,466,Line.line_dho_ss_ckt_bkr,1,0
Line.line_bag_1066_1305,456,0,463,Line.line_bag_ss_ckt_bkr,1,0
Line.line_bag_1219_1001,456,0,462,Line.line_bag_ss_ckt_bkr,1,0
Line.line_lub_9062_9063,456,0,461,Line.line_lub_ss_ckt_bkr,1,0
Line.line_ich_5044_5045,457,0,468,Line.line_ich_ss_ckt_bkr,1,0
Line.line_got_4149_4150,458,0,466,Line.line_got_ss_ckt_bkr,1,0
Line.line_im2_7065_7060,460,0,462,Line.line_im2_ss_ckt_bkr,1,0
Line.line_lub_9118_9119,463,0,466,Line.line_lub_ss_ckt_bkr,1,0
Line.line_bag_1019_1271,465,0,468,Line.line_bag_ss_ckt_bkr,1,0
Line.line_kot_8088_8371,466,0,470,Line.line_kot_ss_ckt_bkr,1,0
Line.line_new_10304_10079,467,0,471,Line.line_new_ss_ckt_bkr,1,0
Line.line_got_4187_4188,468,0,470,Line.line_got_ss_ckt_bkr,1,0
Line.line_im1_6130_6131,468,0,475,Line.line_im1_ss_ckt_bkr,1,0
Line.line_im2_7056_7070,468,0,478,Line.line_im2_ss_ckt_bkr,1,0
Line.line_san_11132_11187,469,0,476,Line.line_san_ss_ckt_bkr,1,0
Line.line_dho_3172_3242,470,0,470,Line.line_dho_ss_ckt_bkr,1,0
Line.line_ich_5076_5029,470,0,474,Line.line_ich_ss_ckt_bkr,1,0
Line.line_lub_9299_9300,471,0,482,Line.line_lub_9130_9131,1,0
Line.line_bag_1272_1019,472,0,479,Line.line_bag_ss_ckt_bkr,1,0
Line.line_kot_8334_8361,472,0,479,Line.line_kot_ss_ckt_bkr,1,0
Line.line_lub_9533_9532,472,0,477,Line.line_lub_ss_ckt_bkr,1,0
Line.line_new_10015_10016,473,0,478,Line.line_new_ss_ckt_bkr,1,0
Line.line_ban_2017_2233,474,0,477,Line.line_ban_ss_ckt_bkr,1,0
Line.line_got_4179_4178,474,0,476,Line.line_got_ss_ckt_bkr,1,0
Line.line_ich_5029_5077,476,0,489,Line.line_ich_ss_ckt_bkr,1,0
Line.line_san_11160_11183,478,0,488,Line.line_san_ss_ckt_bkr,1,0
Line.line_im2_7033_7034,480,0,493,Line.line_im2_ss_ckt_bkr,1,0
Line.line_lub_9065_9526,480,0,494,Line.line_lub_ss_ckt_bkr,1,0
Line.line_got_4157_4158,481,0,488,Line.line_got_ss_ckt_bkr,1,0
Line.line_bag_1277_1012,483,0,492,Line.line_bag_ss_ckt_bkr,1,0
Line.line_ban_2235_2018,483,0,494,Line.line_ban_ss_ckt_bkr,1,0
Line.line_dho_3223_3224,483,0,485,Line.line_dho_ss_ckt_bkr,1,0
Line.line_kot_8077_8078,484,0,494,Line.line_kot_ss_ckt_bkr,1,0
Line.line_new_10310_10309,485,0,487,Line.line_new_ss_ckt_bkr,1,0
Line.line_dho_3040_3088,487,0,490,Line.line_dho_ss_ckt_bkr,1,0
Line.line_dho_3209_3210,487,0,493,Line.line_dho_ss_ckt_bkr,1,0
Line.line_got_4179_4178,491,0,492,Line.line_got_ss_ckt_bkr,1,0
Line.line_ich_5004_5043,491,0,493,Line.line_ich_ss_ckt_bkr,1,0
Line.line_new_10199_10200,491,0,499,Line.line_new_ss_ckt_bkr,1,0
Line.line_new_10304_10079,491,0,492,Line.line_new_ss_ckt_bkr,1,0
Line.line_im1_6151_6150,492,0,499,Line.line_im1_ss_ckt_bkr,1,0
Line.line_san_11204_11205,493,0,496,Line.line_san_ss_ckt_bkr,1,0
Line.line_bag_1066_1305,494,0,497,Line.line_bag_ss_ckt_bkr,1,0
Line.line_got_4179_4178,495,0,503,Line.line_got_ss_ckt_bkr,1,0
Line.line_ich_5017_5075,495,0,503,Line.line_ich_ss_ckt_bkr,1,0
Line.line_dho_3232_3233,496,0,501,Line.line_dho_ss_ckt_bkr,1,0
Line.line_lub_9506_9495,497,0,498,Line.line_lub_ss_ckt_bkr,1,0
Line.line_lub_9510_9435,498,0,505,Line.line_lub_9130_9131,1,0
Line.line_bag_1019_1271,499,0,514,Line.line_bag_ss_ckt_bkr,1,0
Line.line_ban_2233_2234,501,0,516,Line.line_ban_ss_ckt_bkr,1,0
Line.line_lub_9506_9495,501,0,516,Line.line_lub_ss_ckt_bkr,1,0
Line.line_new_10253_10254,501,0,518,Line.line_new_ss_ckt_bkr,1,0
Line.line_kot_8305_8306,502,0,512,Line.line_kot_ss_ckt_bkr,1,0
Line.line_im1_6133_6134,504,0,516,Line.line_im1_ss_ckt_bkr,1,0
Line.line_san_11132_11187,504,0,509,Line.line_san_ss_ckt_bkr,1,0
Line.line_san_11203_11204,504,0,515,Line.line_san_ss_ckt_bkr,1,0
Line.line_im2_7065_7060,505,0,515,Line.line_im2_ss_ckt_bkr,1,0
Line.line_lub_9144_9010,506,0,513,Line.line_lub_9233_9138,1,0
Line.line_lub_9464_9465,509,0,519,Line.line_lub_9130_9131,1,0
Line.line_dho_3013_3220,511,0,512,Line.line_dho_ss_ckt_bkr,1,0
Line.line_ich_5076_5029,512,0,517,Line.line_ich_ss_ckt_bkr,1,0
Line.line_got_4152_4153,513,0,518,Line.line_got_ss_ckt_bkr,1,0
Line.line_got_4179_4178,513,0,521,Line.line_got_ss_ckt_bkr,1,0
Line.line_dho_3114_3115,514,0,518,Line.line_dho_ss_ckt_bkr,1,0
Line.line_bag_1228_1003,516,0,522,Line.line_bag_ss_ckt_bkr,1,0
Line.line_kot_8053_8054,517,0,519,Line.line_kot_ss_ckt_bkr,1,0
Line.line_lub_9533_9532,518,0,521,Line.line_lub_ss_ckt_bkr,1,0
Line.line_dho_3192_3241,520,0,524,Line.line_dho_ss_ckt_bkr,1,0
Line.line_im1_6135_6136,520,0,521,Line.line_im1_ss_ckt_bkr,1,0
Line.line_lub_9407_9546,524,0,565,Line.line_lub_ss_ckt_bkr,1,0
Line.line_got_4024_4025,525,0,559,Line.line_got_ss_ckt_bkr,1,0
Line.line_got_4158_4159,525,0,562,Line.line_got_ss_ckt_bkr,1,0
Line.line_dho_3046_3047,526,0,566,Line.line_dho_ss_ckt_bkr,1,0
Line.line_ich_5016_5069,526,0,561,Line.line_ich_ss_ckt_bkr,1,0
Line.line_ich_5074_5073,526,0,560,Line.line_ich_ss_ckt_bkr,1,0
Line.line_im1_6151_6150,527,0,563,Line.line_im1_ss_ckt_bkr,1,0
Line.line_im2_7065_7060,527,0,562,Line.line_im2_ss_ckt_bkr,1,0
Line.line_kot_8386_8087,527,0,563,Line.line_kot_ss_ckt_bkr,1,0
Line.line_san_11132_11187,527,0,557,Line.line_san_ss_ckt_bkr,1,0
Line.line_ban_2212_2213,528,0,564,Line.line_ban_ss_ckt_bkr,1,0
Line.line_ban_2235_2018,528,0,564,Line.line_ban_ss_ckt_bkr,1,0
Line.line_lub_9012_9500,533,0,562,Line.line_lub_9233_9138,1,0
Line.line_new_10165_10166,534,0,562,Line.line_new_ss_ckt_bkr,1,0
Line.line_bag_1236_1004,538,0,559,Line.line_bag_ss_ckt_bkr,1,0
Line.line_lub_9209_9210,540,0,562,Line.line_lub_9180_9181,1,0
Line.line_bag_1019_1271,561,0,563,Line.line_bag_ss_ckt_bkr,1,0
Line.line_ich_5029_5077,563,0,568,Line.line_ich_ss_ckt_bkr,1,0
Line.line_kot_8109_8110,565,0,567,Line.line_kot_ss_ckt_bkr,1,0
Line.line_kot_8133_8134,565,0,568,Line.line_kot_ss_ckt_bkr,1,0
Line.line_bag_1019_1271,566,0,575,Line.line_bag_ss_ckt_bkr,1,0
Line.line_new_10063_10296,566,0,566,Line.line_new_ss_ckt_bkr,1,0
Line.line_san_11162_11217,566,0,568,Line.line_san_ss_ckt_bkr,1,0
Line.line_lub_9495_9505,569,0,578,Line.line_lub_ss_ckt_bkr,1,0
Line.line_new_10288_10057,569,0,572,Line.line_new_ss_ckt_bkr,1,0
Line.line_im2_7014_7091,570,0,578,Line.line_im2_ss_ckt_bkr,1,0
Line.line_kot_8177_8178,571,0,581,Line.line_kot_ss_ckt_bkr,1,0
Line.line_san_11160_11183,571,0,594,Line.line_san_ss_ckt_bkr,1,0
Line.line_dho_3213_3214,572,0,583,Line.line_dho_ss_ckt_bkr,1,0
Line.line_lub_9425_9501,572,0,588,Line.line_lub_9130_9131,1,0
Line.line_got_4179_4178,573,0,591,Line.line_got_ss_ckt_bkr,1,0
Line.line_ban_2006_2216,574,0,584,Line.line_ban_ss_ckt_bkr,1,0
Line.line_ban_2234_2235,574,0,589,Line.line_ban_ss_ckt_bkr,1,0
Line.line_new_10049_10275,574,0,589,Line.line_new_ss_ckt_bkr,1,0
Line.line_ich_5046_5047,575,0,580,Line.line_ich_ss_ckt_bkr,1,0
Line.line_bag_1239_1238,578,0,586,Line.line_bag_ss_ckt_bkr,1,0
Line.line_lub_9533_9532,580,0,586,Line.line_lub_ss_ckt_bkr,1,0
Line.line_ich_5004_5043,583,0,585,Line.line_ich_ss_ckt_bkr,1,0
Line.line_im2_7061_7063,584,0,585,Line.line_im2_ss_ckt_bkr,1,0
Line.line_kot_8197_8198,584,0,592,Line.line_kot_ss_ckt_bkr,1,0
Line.line_dho_3003_3004,586,0,593,Line.line_dho_ss_ckt_bkr,1,0
Line.line_dho_3160_3161,586,0,591,Line.line_dho_ss_ckt_bkr,1,0
Line.line_ich_5029_5077,587,0,593,Line.line_ich_ss_ckt_bkr,1,0
Line.line_im1_6122_6123,587,0,590,Line.line_im1_ss_ckt_bkr,1,0
Line.line_im2_7069_7057,589,0,592,Line.line_im2_ss_ckt_bkr,1,0
Line.line_lub_9537_9536,590,0,590,Line.line_lub_ss_ckt_bkr,1,0
Line.line_bag_1219_1001,592,0,592,Line.line_bag_ss_ckt_bkr,1,0
Line.line_lub_9495_9478,593,0,593,Line.line_lub_ss_ckt_bkr,1,0
Line.line_got_4189_4102,594,0,599,Line.line_got_ss_ckt_bkr,1,0
Line.line_im1_6142_6044,594,0,601,Line.line_im1_ss_ckt_bkr,1,0
Line.line_bag_1019_1271,595,0,604,Line.line_bag_ss_ckt_bkr,1,0
Line.line_dho_3018_3236,595,0,609,Line.line_dho_ss_ckt_bkr,1,0
Line.line_dho_3146_3147,595,0,606,Line.line_dho_ss_ckt_bkr,1,0
Line.line_im2_7034_7082,595,0,610,Line.line_im2_ss_ckt_bkr,1,0
Line.line_new_10304_10079,595,0,613,Line.line_new_ss_ckt_bkr,1,0
Line.line_san_11218_11057,596,0,610,Line.line_san_ss_ckt_bkr,1,0
Line.line_ich_5070_5071,598,0,607,Line.line_ich_ss_ckt_bkr,1,0
Line.line_ban_2206_2207,599,0,613,Line.line_ban_ss_ckt_bkr,1,0
Line.line_lub_9533_9532,599,0,608,Line.line_lub_ss_ckt_bkr,1,0
Line.line_im1_6117_6118,604,0,612,Line.line_im1_ss_ckt_bkr,1,0
Line.line_ich_5012_5061,609,0,617,Line.line_ich_ss_ckt_bkr,1,0
Line.line_ich_5078_5079,609,0,612,Line.line_ich_ss_ckt_bkr,1,0
Line.line_bag_101_1217,610,0,614,Line.line_bag_ss_ckt_bkr,1,0
Line.line_lub_9563_9562,610,0,614,Line.line_lub_ss_ckt_bkr,1,0
Line.line_kot_8059_8376,613,0,618,Line.line_kot_ss_ckt_bkr,1,0
Line.line_san_11104_11105,613,0,618,Line.line_san_ss_ckt_bkr,1,0
Line.line_dho_3222_3223,616,0,619,Line.line_dho_ss_ckt_bkr,1,0
Line.line_lub_9495_9505,616,0,620,Line.line_lub_ss_ckt_bkr,1,0
Line.line_lub_9506_9495,616,0,622,Line.line_lub_ss_ckt_bkr,1,0
Line.line_bag_1066_1305,617,0,622,Line.line_bag_ss_ckt_bkr,1,0
Line.line_lub_9463_9464,617,0,624,Line.line_lub_9130_9131,1,0
Line.line_im1_6074_6124,618,0,628,Line.line_im1_ss_ckt_bkr,1,0
Line.line_new_10001_10255,619,0,631,Line.line_new_ss_ckt_bkr,1,0
Line.line_new_10309_10146,619,0,634,Line.line_new_ss_ckt_bkr,1,0
Line.line_ban_2204_2205,620,0,636,Line.line_ban_ss_ckt_bkr,1,0
Line.line_ich_5051_5007,620,0,631,Line.line_ich_ss_ckt_bkr,1,0
Line.line_got_4179_4178,621,0,633,Line.line_got_ss_ckt_bkr,1,0
Line.line_im2_7033_7034,622,0,637,Line.line_im2_ss_ckt_bkr,1,0
Line.line_dho_3237_3052,623,0,629,Line.line_dho_ss_ckt_bkr,1,0
Line.line_san_11216_11153,623,0,632,Line.line_san_ss_ckt_bkr,1,0
Line.line_bag_1043_1263,624,0,633,Line.line_bag_ss_ckt_bkr,1,0
Line.line_kot_8361_8360,624,0,634,Line.line_kot_ss_ckt_bkr,1,0
Line.line_lub_9534_9533,628,0,631,Line.line_lub_ss_ckt_bkr,1,0
Line.line_ich_5078_5079,633,0,636,Line.line_ich_ss_ckt_bkr,1,0
Line.line_lub_9495_9478,633,0,637,Line.line_lub_ss_ckt_bkr,1,0
Line.line_lub_9510_9435,634,0,636,Line.line_lub_9130_9131,1,0
Line.line_dho_3220_3221,635,0,641,Line.line_dho_ss_ckt_bkr,1,0
Line.line_bag_1152_1153,636,0,639,Line.line_bag_ss_ckt_bkr,1,0
Line.line_im1_6142_6044,636,0,641,Line.line_im1_ss_ckt_bkr,1,0
Line.line_ich_5029_5077,638,0,638,Line.line_ich_ss_ckt_bkr,1,0
Line.line_got_4144_4145,639,0,646,Line.line_got_ss_ckt_bkr,1,0
Line.line_ich_5029_5077,639,0,648,Line.line_ich_ss_ckt_bkr,1,0
Line.line_lub_9495_9505,639,0,644,Line.line_lub_ss_ckt_bkr,1,0
Line.line_san_11190_11191,640,0,651,Line.line_san_ss_ckt_bkr,1,0
Line.line_bag_1219_1001,641,0,645,Line.line_bag_ss_ckt_bkr,1,0
Line.line_lub_9144_9010,641,0,646,Line.line_lub_9233_9138,1,0
Line.line_ban_2018_2236,642,0,649,Line.line_ban_ss_ckt_bkr,1,0
Line.line_ban_2199_2200,642,0,642,Line.line_ban_ss_ckt_bkr,1,0
Line.line_ban_2233_2234,642,0,647,Line.line_ban_ss_ckt_bkr,1,0
Line.line_dho_3224_3225,643,0,656,Line.line_dho_ss_ckt_bkr,1,0
Line.line_dho_3087_3240,643,0,663,Line.line_dho_ss_ckt_bkr,1,0
Line.line_bag_1019_1271,648,0,659,Line.line_bag_ss_ckt_bkr,1,0
Line.line_new_10008_10277,649,0,658,Line.line_new_ss_ckt_bkr,1,0
Line.line_kot_8140_8141,650,0,662,Line.line_kot_ss_ckt_bkr,1,0
Line.line_lub_9495_9505,651,0,659,Line.line_lub_ss_ckt_bkr,1,0
Line.line_ban_2137_2138,656,0,660,Line.line_ban_ss_ckt_bkr,1,0
Line.line_got_4156_4157,656,0,664,Line.line_got_ss_ckt_bkr,1,0
Line.line_ich_5081_5027,656,0,666,Line.line_ich_ss_ckt_bkr,1,0
Line.line_im2_7088_7024,656,0,656,Line.line_im2_ss_ckt_bkr,1,0
Line.line_bag_1238_1237,661,0,663,Line.line_bag_ss_ckt_bkr,1,0
Line.line_san_11132_11187,661,0,665,Line.line_san_ss_ckt_bkr,1,0
Line.line_lub_9533_9532,662,0,664,Line.line_lub_ss_ckt_bkr,1,0
Line.line_new_10257_10258,662,0,669,Line.line_new_ss_ckt_bkr,1,0
Line.line_im2_7085_7028,664,0,669,Line.line_im2_ss_ckt_bkr,1,0
Line.line_got_4179_4178,666,0,666,Line.line_got_ss_ckt_bkr,1,0
Line.line_lub_9052_9535,666,0,669,Line.line_lub_ss_ckt_bkr,1,0
Line.line_lub_9506_9495,666,0,673,Line.line_lub_ss_ckt_bkr,1,0
Line.line_ban_2211_2005,667,0,667,Line.line_ban_ss_ckt_bkr,0,0
Line.line_dho_3221_3222,667,0,667,Line.line_dho_ss_ckt_bkr,0,0
Line.line_san_11144_11145,667,0,667,Line.line_san_ss_ckt_bkr,0,0
Line.line_san_11160_11183,667,0,667,Line.line_san_ss_ckt_bkr,0,0
Line.line_ich_5075_5076,668,0,668,Line.line_ich_ss_ckt_bkr,0,0
Line.line_bag_1227_1228,669,0,669,Line.line_bag_ss_ckt_bkr,0,0
Line.line_new_10037_10281,672,0,672,Line.line_new_ss_ckt_bkr,0,0
Line.line_im2_7033_7034,673,0,673,Line.line_im2_ss_ckt_bkr,0,0
